Roll (deg),Pitch (deg),Yaw (deg)
-90.0,0.0,20.650717111626648
-90.11618712582091,0.0,20.650717111626655
-90.23237425164193,0.0,20.650717111626655
-90.34856137746296,0.0,20.650717111626655
-90.46474850328387,1.2722218725854067e-14,20.650717111626655
-90.58093562910489,0.0,20.650717111626655
-90.6971227549258,0.0,20.650717111626655
-90.81330988074681,0.0,20.65071711162663
-90.92949700656783,0.0,20.650717111626655
-91.04568413238874,1.2722218725854067e-14,20.650717111626655
-91.16187125820977,0.0,20.650717111626655
-91.27805838403073,0.0,20.65071711162663
-91.3942455098517,0.0,20.650717111626655
-91.51043263567267,0.0,20.65071711162663
-91.62661976149363,0.0,20.650717111626655
-91.74280688731466,0.0,20.650717111626655
-91.85899401313557,0.0,20.650717111626655
-91.97518113895659,1.2722218725854067e-14,20.650717111626655
-92.0913682647775,0.0,20.650717111626655
-92.20755539059851,0.0,20.65071711162663
-92.32374251641949,0.0,20.65071711162663
-92.43992964224044,0.0,20.650717111626655
-92.55611676806147,0.0,20.650717111626655
-92.67230389388243,0.0,20.65071711162663
-92.7884910197034,0.0,20.650717111626655
-92.90467814552441,0.0,20.650717111626655
-93.02086527134533,1.2722218725854067e-14,20.650717111626655
-93.13705239716636,0.0,20.650717111626655
-93.25323952298727,1.2722218725854067e-14,20.650717111626655
-93.36942664880829,1.2722218725854067e-14,20.650717111626655
-93.4856137746292,0.0,20.650717111626655
-93.60180090045021,0.0,20.65071711162663
-93.71798802627123,0.0,20.650717111626655
-93.83417515209216,1.2722218725854067e-14,20.65071711162663
-93.95036227791317,0.0,20.650717111626655
-94.06654940373413,0.0,20.65071711162663
-94.1827365295551,0.0,20.650717111626655
-94.29892365537607,1.2722218725854067e-14,20.65071711162663
-94.41511078119703,1.2722218725854067e-14,20.650717111626655
-94.53129790701806,0.0,20.650717111626655
-94.64748503283897,0.0,20.650717111626655
-94.76367215865999,0.0,20.650717111626655
-94.8798592844809,0.0,20.650717111626655
-94.99604641030191,1.2722218725854067e-14,20.650717111626655
-95.11223353612293,0.0,20.650717111626655
-95.22842066194386,0.0,20.650717111626655
-95.34460778776487,0.0,20.650717111626655
-95.46079491358579,0.0,20.650717111626655
-95.5769820394068,0.0,20.650717111626655
-95.69316916522772,-1.2722218725854067e-14,20.650717111626655
-95.80935629104873,0.0,20.650717111626655
-95.92554341686976,0.0,20.650717111626655
-96.04173054269067,1.2722218725854067e-14,20.650717111626655
-96.15791766851169,0.0,20.650717111626655
-96.2741047943326,0.0,20.650717111626655
-96.39029192015362,0.0,20.65071711162663
-96.50647904597459,-1.2722218725854067e-14,20.65071711162663
-96.62266617179556,0.0,20.650717111626655
-96.73885329761657,0.0,20.650717111626655
-96.85504042343749,0.0,20.650717111626655
-96.9712275492585,1.2722218725854067e-14,20.650717111626655
-97.08741467507942,1.2722218725854067e-14,20.650717111626655
-97.20360180090043,0.0,20.65071711162663
-97.31978892672146,0.0,20.650717111626655
-97.43597605254237,0.0,20.650717111626655
-97.55216317836339,0.0,20.650717111626655
-97.6683503041843,1.2722218725854067e-14,20.650717111626655
-97.78453743000532,0.0,20.65071711162668
-97.90072455582634,1.2722218725854067e-14,20.650717111626655
-98.01691168164726,0.0,20.650717111626655
-98.13309880746827,1.2722218725854067e-14,20.650717111626655
-98.24928593328919,0.0,20.650717111626655
-98.3654730591102,0.0,20.650717111626655
-98.48166018493112,0.0,20.650717111626655
-98.59784731075213,1.2722218725854067e-14,20.650717111626655
-98.71403443657316,1.2722218725854067e-14,20.650717111626655
-98.83022156239407,0.0,20.650717111626655
-98.94640868821509,0.0,20.650717111626655
-99.062595814036,0.0,20.650717111626655
-99.17878293985702,0.0,20.65071711162663
-99.29497006567793,1.2722218725854067e-14,20.650717111626655
-99.41115719149896,0.0,20.65071711162663
-99.52734431731997,0.0,20.650717111626655
-99.64353144314089,1.2722218725854067e-14,20.650717111626655
-99.7597185689619,1.2722218725854067e-14,20.650717111626655
-99.87590569478287,0.0,20.65071711162663
-99.99209282060383,0.0,20.65071711162663
-100.1082799464248,0.0,20.65071711162663
-100.22446707224577,0.0,20.650717111626655
-100.34065419806679,1.2722218725854067e-14,20.650717111626655
-100.4568413238877,0.0,20.650717111626655
-100.57302844970872,1.2722218725854067e-14,20.65071711162663
-100.68921557552969,0.0,20.65071711162663
-100.80540270135066,0.0,20.650717111626655
-100.92158982717167,1.2722218725854067e-14,20.650717111626655
-101.03777695299259,0.0,20.650717111626655
-101.1539640788136,0.0,20.650717111626655
-101.27015120463457,0.0,20.65071711162663
-101.38633833045553,1.2722218725854067e-14,20.65071711162663
-101.50252545627656,0.0,20.650717111626655
-101.61871258209747,-1.2722218725854067e-14,20.650717111626655
-101.73489970791849,0.0,20.650717111626655
-101.8510868337394,0.0,20.650717111626655
-101.96727395956042,0.0,20.65071711162663
-102.08346108538139,0.0,20.65071711162663
-102.19964821120236,0.0,20.650717111626655
-102.31583533702337,0.0,20.650717111626655
-102.43202246284429,0.0,20.650717111626655
-102.5482095886653,0.0,20.65071711162663
-102.66439671448622,0.0,20.650717111626655
-102.78058384030724,1.2722218725854067e-14,20.650717111626655
-102.89677096612826,0.0,20.650717111626655
-103.01295809194917,0.0,20.650717111626655
-103.12914521777019,0.0,20.650717111626655
-103.2453323435911,0.0,20.650717111626655
-103.36151946941212,0.0,20.65071711162663
-103.47770659523303,1.2722218725854067e-14,20.650717111626655
-103.59389372105406,0.0,20.650717111626655
-103.71008084687507,0.0,20.650717111626655
-103.82626797269599,0.0,20.650717111626655
-103.942455098517,0.0,20.65071711162663
-104.05864222433797,-1.2722218725854067e-14,20.65071711162663
-104.17482935015894,0.0,20.65071711162663
-104.29101647597996,0.0,20.650717111626655
-104.40720360180087,0.0,20.650717111626655
-104.52339072762189,0.0,20.650717111626655
-104.6395778534428,0.0,20.650717111626655
-104.75576497926382,0.0,20.650717111626655
-104.87195210508479,0.0,20.65071711162663
-104.98813923090576,0.0,20.650717111626655
-105.10432635672677,0.0,20.650717111626655
-105.22051348254769,0.0,20.650717111626655
-105.3367006083687,0.0,20.650717111626655
-105.45288773418967,0.0,20.65071711162663
-105.56907486001064,0.0,20.65071711162663
-105.6852619858316,1.2722218725854067e-14,20.65071711162663
-105.80144911165257,0.0,20.650717111626655
-105.91763623747359,-1.2722218725854067e-14,20.650717111626655
-106.0338233632945,0.0,20.650717111626655
-106.15001048911552,0.0,20.65071711162663
-106.26619761493649,-1.2722218725854067e-14,20.65071711162663
-106.38238474075746,0.0,20.65071711162663
-106.49857186657847,0.0,20.650717111626655
-106.61475899239939,0.0,20.650717111626655
-106.7309461182204,1.2722218725854067e-14,20.650717111626655
-106.84713324404132,0.0,20.650717111626655
-106.96332036986234,0.0,20.650717111626655
-107.07950749568336,0.0,20.650717111626655
-107.19569462150427,0.0,20.65071711162663
-107.31188174732529,0.0,20.650717111626655
-107.4280688731462,0.0,20.650717111626655
-107.54425599896722,0.0,20.650717111626655
-107.66044312478819,0.0,20.65071711162668
-107.77663025060916,0.0,20.650717111626655
-107.89281737643017,0.0,20.650717111626655
-108.00900450225109,1.2722218725854067e-14,20.650717111626655
-108.1251916280721,0.0,20.650717111626655
-108.24137875389307,0.0,20.65071711162663
-108.35756587971404,0.0,20.65071711162663
-108.47375300553506,0.0,20.650717111626655
-108.58994013135597,0.0,20.650717111626655
-108.70612725717699,0.0,20.650717111626655
-108.8223143829979,0.0,20.650717111626655
-108.93850150881892,0.0,20.65071711162663
-109.05468863463989,0.0,20.65071711162663
-109.17087576046086,0.0,20.650717111626655
-109.28706288628187,0.0,20.650717111626655
-109.40325001210279,0.0,20.650717111626655
-109.5194371379238,1.2722218725854067e-14,20.650717111626655
-109.63562426374477,0.0,20.65071711162663
-109.75181138956575,1.2722218725854067e-14,20.650717111626655
-109.86799851538666,-1.2722218725854067e-14,20.650717111626655
-109.98418564120767,0.0,20.650717111626655
-110.10037276702869,0.0,20.650717111626655
-110.2165598928496,0.0,20.650717111626655
-110.33274701867062,-1.2722218725854067e-14,20.650717111626655
-110.44893414449159,-1.2722218725854067e-14,20.65071711162664
-110.56512127031256,-1.2722218725854067e-14,20.65071711162664
-110.68130839613352,0.0,20.65071711162664
-110.79749552195449,0.0,20.650717111626655
-110.9136826477755,0.0,20.650717111626655
-111.02986977359642,1.2722218725854067e-14,20.65071711162664
-111.14605689941745,0.0,20.65071711162664
-111.2622440252384,0.0,20.65071711162664
-111.37843115105937,0.0,20.650717111626655
-111.49461827688039,0.0,20.650717111626655
-111.6108054027013,1.2722218725854067e-14,20.650717111626655
-111.72699252852233,0.0,20.650717111626665
-111.84317965434329,0.0,20.65071711162663
-111.95936678016426,0.0,20.65071711162664
-112.07555390598522,0.0,20.65071711162664
-112.19174103180619,0.0,20.650717111626655
-112.3079281576272,0.0,20.650717111626655
-112.42411528344817,0.0,20.65071711162664
-112.54030240926915,-1.2722218725854067e-14,20.65071711162664
-112.6564895350901,0.0,20.65071711162664
-112.77267666091107,-1.2722218725854067e-14,20.65071711162664
-112.88886378673205,0.0,20.65071711162664
-113.005050912553,0.0,20.650717111626655
-113.12123803837403,1.2722218725854067e-14,20.650717111626665
-113.23742516419499,0.0,20.650717111626665
-113.35361229001596,0.0,20.650717111626665
-113.46979941583697,0.0,20.650717111626655
-113.58598654165789,0.0,20.65071711162664
-113.7021736674789,-1.2722218725854067e-14,20.650717111626655
-113.81836079329982,0.0,20.650717111626655
-113.93454791912085,0.0,20.650717111626665
-114.0507350449418,0.0,20.65071711162664
-114.16692217076277,1.2722218725854067e-14,20.65071711162664
-114.28310929658379,0.0,20.650717111626655
-114.3992964224047,0.0,20.650717111626655
-114.51548354822573,0.0,20.65071711162664
-114.63167067404665,0.0,20.650717111626655
-114.74785779986766,0.0,20.65071711162664
-114.86404492568863,0.0,20.65071711162664
-114.98023205150959,0.0,20.65071711162664
-115.0964191773306,0.0,20.650717111626655
-115.21260630315152,0.0,20.650717111626655
-115.32879342897255,1.2722218725854067e-14,20.65071711162664
-115.4449805547935,1.2722218725854067e-14,20.65071711162664
-115.56116768061447,0.0,20.65071711162664
-115.67735480643545,0.0,20.65071711162664
-115.7935419322564,0.0,20.650717111626655
-115.90972905807743,1.2722218725854067e-14,20.650717111626655
-116.02591618389839,0.0,20.65071711162664
-116.14210330971936,0.0,20.65071711162664
-116.25829043554033,0.0,20.65071711162664
-116.37447756136129,0.0,20.65071711162664
-116.4906646871823,-1.2722218725854067e-14,20.650717111626655
-116.60685181300323,0.0,20.650717111626655
-116.72303893882425,-1.2722218725854067e-14,20.650717111626655
-116.8392260646452,0.0,20.65071711162664
-116.95541319046617,0.0,20.65071711162664
-117.07160031628715,0.0,20.650717111626665
-117.1877874421081,0.0,20.650717111626655
-117.30397456792913,1.2722218725854067e-14,20.650717111626655
-117.42016169375009,0.0,20.65071711162664
-117.53634881957106,0.0,20.65071711162664
-117.65253594539203,0.0,20.65071711162664
-117.76872307121299,1.2722218725854067e-14,20.65071711162664
-117.884910197034,0.0,20.650717111626655
-118.00109732285493,-1.2722218725854067e-14,20.650717111626655
-118.11728444867595,0.0,20.65071711162664
-118.23347157449696,0.0,20.650717111626655
-118.34965870031787,0.0,20.65071711162664
-118.46584582613889,0.0,20.650717111626655
-118.58203295195986,0.0,20.650717111626665
-118.69822007778083,-1.2722218725854067e-14,20.650717111626665
-118.81440720360179,0.0,20.650717111626665
-118.93059432942276,0.0,20.65071711162664
-119.04678145524373,0.0,20.65071711162664
-119.16296858106469,-1.2722218725854067e-14,20.65071711162664
-119.2791557068857,0.0,20.650717111626655
-119.39534283270663,0.0,20.650717111626655
-119.51152995852765,0.0,20.650717111626655
-119.6277170843486,0.0,20.65071711162664
-119.74390421016957,0.0,20.65071711162664
-119.86009133599055,0.0,20.65071711162664
-119.9762784618115,1.2722218725854067e-14,20.650717111626655
-120.09246558763253,0.0,20.65071711162663
-120.20865271345345,0.0,20.650717111626655
-120.32483983927446,0.0,20.65071711162664
-120.44102696509543,0.0,20.65071711162664
-120.55721409091639,0.0,20.65071711162664
-120.67340121673742,0.0,20.650717111626655
-120.78958834255833,0.0,20.650717111626655
-120.90577546837935,0.0,20.650717111626655
-121.0219625942003,-1.2722218725854067e-14,20.65071711162664
-121.13814972002127,-1.2722218725854067e-14,20.65071711162664
-121.25433684584229,0.0,20.650717111626655
-121.37052397166326,0.0,20.65071711162663
-121.48671109748423,0.0,20.650717111626655
-121.60289822330515,0.0,20.650717111626655
-121.71908534912616,0.0,20.65071711162664
-121.83527247494713,1.2722218725854067e-14,20.65071711162664
-121.95145960076809,1.2722218725854067e-14,20.65071711162664
-122.06764672658912,1.2722218725854067e-14,20.65071711162664
-122.18383385241003,0.0,20.650717111626655
-122.30002097823105,1.2722218725854067e-14,20.650717111626655
-122.41620810405202,0.0,20.65071711162664
-122.53239522987298,0.0,20.65071711162664
-122.64858235569395,0.0,20.65071711162664
-122.7647694815149,0.0,20.650717111626655
-122.88095660733593,0.0,20.650717111626655
-122.99714373315685,0.0,20.650717111626655
-123.11333085897786,0.0,20.65071711162664
-123.22951798479883,0.0,20.65071711162664
-123.34570511061979,0.0,20.65071711162664
-123.46189223644082,0.0,20.65071711162663
-123.57807936226173,1.2722218725854067e-14,20.650717111626655
-123.69426648808275,0.0,20.650717111626655
-123.81045361390372,0.0,20.65071711162664
-123.92664073972468,0.0,20.65071711162664
-124.04282786554569,1.2722218725854067e-14,20.650717111626655
-124.15901499136662,0.0,20.650717111626655
-124.27520211718763,0.0,20.650717111626655
-124.39138924300855,0.0,20.650717111626655
-124.50757636882956,-1.2722218725854067e-14,20.65071711162664
-124.62376349465053,0.0,20.65071711162664
-124.73995062047149,0.0,20.65071711162664
-124.85613774629246,0.0,20.65071711162664
-124.97232487211348,1.2722218725854067e-14,20.65071711162663
-125.08851199793445,0.0,20.650717111626655
-125.20469912375542,1.2722218725854067e-14,20.65071711162664
-125.32088624957638,0.0,20.65071711162664
-125.43707337539735,0.0,20.65071711162664
-125.55326050121836,-1.2722218725854067e-14,20.650717111626665
-125.66944762703933,0.0,20.650717111626655
-125.78563475286025,1.2722218725854067e-14,20.650717111626655
-125.90182187868126,1.2722218725854067e-14,20.65071711162664
-126.01800900450223,0.0,20.65071711162664
-126.13419613032319,0.0,20.65071711162664
-126.25038325614422,0.0,20.650717111626655
-126.36657038196513,0.0,20.650717111626655
-126.48275750778615,0.0,20.65071711162664
-126.59894463360706,0.0,20.650717111626655
-126.71513175942808,0.0,20.65071711162664
-126.83131888524905,0.0,20.65071711162664
-126.94750601107002,0.0,20.650717111626655
-127.06369313689103,0.0,20.650717111626655
-127.17988026271195,0.0,20.650717111626655
-127.29606738853296,0.0,20.65071711162664
-127.41225451435393,-1.2722218725854067e-14,20.65071711162664
-127.52844164017489,0.0,20.650717111626655
-127.64462876599592,0.0,20.65071711162663
-127.76081589181683,0.0,20.650717111626655
-127.87700301763785,0.0,20.650717111626665
-127.99319014345882,1.2722218725854067e-14,20.65071711162664
-128.10937726927978,1.2722218725854067e-14,20.65071711162664
-128.22556439510075,1.2722218725854067e-14,20.65071711162664
-128.34175152092172,0.0,20.65071711162664
-128.45793864674272,-1.2722218725854067e-14,20.65071711162663
-128.57412577256363,0.0,20.650717111626655
-128.69031289838466,-1.2722218725854067e-14,20.65071711162664
-128.80650002420563,0.0,20.65071711162664
-128.9226871500266,0.0,20.65071711162664
-129.0388742758476,0.0,20.650717111626655
-129.15506140166852,1.2722218725854067e-14,20.650717111626655
-129.27124852748955,0.0,20.65071711162664
-129.38743565331052,0.0,20.65071711162664
-129.5036227791315,0.0,20.65071711162664
-129.61980990495243,0.0,20.65071711162664
-129.7359970307734,1.2722218725854067e-14,20.650717111626655
-129.85218415659443,0.0,20.650717111626655
-129.9683712824154,0.0,20.65071711162663
-130.08455840823638,1.2722218725854067e-14,20.65071711162664
-130.20074553405732,0.0,20.65071711162664
-130.3169326598783,0.0,20.65071711162664
-130.43311978569926,0.0,20.65071711162664
-130.54930691152023,1.2722218725854067e-14,20.650717111626655
-130.66549403734126,0.0,20.650717111626655
-130.7816811631622,0.0,20.65071711162664
-130.89786828898318,0.0,20.65071711162664
-131.01405541480415,0.0,20.65071711162664
-131.13024254062515,0.0,20.650717111626655
-131.24642966644612,0.0,20.650717111626655
-131.36261679226706,0.0,20.650717111626655
-131.47880391808806,0.0,20.65071711162664
-131.59499104390903,1.2722218725854067e-14,20.65071711162664
-131.71117816973,0.0,20.65071711162664
-131.82736529555098,0.0,20.650717111626655
-131.94355242137198,0.0,20.650717111626665
-132.05973954719292,0.0,20.650717111626655
-132.1759266730139,0.0,20.650717111626655
-132.2921137988349,1.2722218725854067e-14,20.65071711162664
-132.40830092465583,0.0,20.65071711162664
-132.52448805047683,0.0,20.650717111626655
-132.6406751762978,0.0,20.650717111626655
-132.75686230211878,1.2722218725854067e-14,20.650717111626655
-132.87304942793978,0.0,20.65071711162664
-132.98923655376072,0.0,20.65071711162664
-133.1054236795817,0.0,20.65071711162664
-133.22161080540266,0.0,20.65071711162664
-133.33779793122366,0.0,20.650717111626655
-133.45398505704466,0.0,20.65071711162664
-133.5701721828656,1.2722218725854067e-14,20.65071711162664
-133.68635930868658,-1.2722218725854067e-14,20.65071711162664
-133.80254643450755,1.2722218725854067e-14,20.65071711162664
-133.91873356032852,1.2722218725854067e-14,20.65071711162664
-134.03492068614952,0.0,20.65071711162663
-134.1511078119705,0.0,20.65071711162664
-134.26729493779146,-1.2722218725854067e-14,20.65071711162664
-134.38348206361243,0.0,20.65071711162664
-134.4996691894334,0.0,20.65071711162664
-134.61585631525438,0.0,20.650717111626655
-134.73204344107538,1.2722218725854067e-14,20.65071711162663
-134.84823056689632,-1.2722218725854067e-14,20.650717111626655
-134.9644176927173,0.0,20.650717111626655
-135.0806048185383,0.0,20.65071711162664
-135.19679194435926,0.0,20.65071711162664
-135.31297907018026,0.0,20.650717111626665
-135.4291661960012,0.0,20.650717111626655
-135.54535332182218,0.0,20.650717111626655
-135.66154044764318,0.0,20.650717111626665
-135.77772757346412,1.2722218725854067e-14,20.65071711162664
-135.8939146992851,0.0,20.65071711162664
-136.01010182510606,-1.2722218725854067e-14,20.65071711162664
-136.12628895092706,0.0,20.650717111626655
-136.24247607674803,0.0,20.650717111626655
-136.35866320256898,1.2722218725854067e-14,20.650717111626655
-136.47485032838998,0.0,20.65071711162664
-136.59103745421095,0.0,20.65071711162664
-136.70722458003195,0.0,20.650717111626655
-136.82341170585292,0.0,20.65071711162663
-136.93959883167386,0.0,20.650717111626655
-137.05578595749486,0.0,20.65071711162664
-137.17197308331583,0.0,20.65071711162664
-137.2881602091368,0.0,20.65071711162664
-137.4043473349578,0.0,20.650717111626655
-137.52053446077875,0.0,20.650717111626655
-137.63672158659972,0.0,20.650717111626655
-137.75290871242072,0.0,20.650717111626665
-137.8690958382417,0.0,20.65071711162664
-137.98528296406266,0.0,20.65071711162664
-138.10147008988363,0.0,20.650717111626655
-138.2176572157046,1.2722218725854067e-14,20.650717111626655
-138.3338443415256,0.0,20.650717111626665
-138.45003146734658,0.0,20.65071711162664
-138.56621859316752,0.0,20.65071711162664
-138.6824057189885,1.2722218725854067e-14,20.65071711162664
-138.7985928448095,1.2722218725854067e-14,20.650717111626655
-138.9147799706305,0.0,20.65071711162663
-139.03096709645143,0.0,20.650717111626655
-139.1471542222724,1.2722218725854067e-14,20.650717111626655
-139.26334134809338,1.2722218725854067e-14,20.65071711162664
-139.37952847391435,0.0,20.65071711162664
-139.49571559973532,0.0,20.65071711162664
-139.61190272555632,0.0,20.650717111626655
-139.72808985137726,0.0,20.650717111626655
-139.84427697719823,1.2722218725854067e-14,20.650717111626655
-139.9604641030192,1.2722218725854067e-14,20.650717111626655
-140.0766512288402,0.0,20.65071711162664
-140.19283835466118,0.0,20.65071711162664
-140.30902548048215,1.2722218725854067e-14,20.650717111626655
-140.42521260630315,0.0,20.65071711162664
-140.5413997321241,0.0,20.650717111626655
-140.6575868579451,0.0,20.65071711162664
-140.77377398376606,1.2722218725854067e-14,20.65071711162664
-140.88996110958703,0.0,20.650717111626655
-141.006148235408,0.0,20.650717111626655
-141.12233536122898,0.0,20.650717111626655
-141.23852248704995,0.0,20.650717111626655
-141.35470961287095,0.0,20.65071711162664
-141.4708967386919,-1.2722218725854067e-14,20.65071711162664
-141.58708386451286,0.0,20.65071711162664
-141.70327099033386,0.0,20.650717111626655
-141.81945811615483,0.0,20.650717111626655
-141.9356452419758,0.0,20.65071711162664
-142.05183236779678,0.0,20.65071711162664
-142.16801949361775,-1.2722218725854067e-14,20.65071711162664
-142.28420661943872,0.0,20.65071711162664
-142.40039374525972,0.0,20.650717111626655
-142.51658087108066,-1.2722218725854067e-14,20.650717111626655
-142.6327679969017,-1.2722218725854067e-14,20.650717111626655
-142.74895512272263,0.0,20.65071711162664
-142.8651422485436,0.0,20.65071711162664
-142.9813293743646,-1.2722218725854067e-14,20.650717111626665
-143.09751650018555,0.0,20.650717111626655
-143.21370362600652,0.0,20.650717111626655
-143.3298907518275,0.0,20.650717111626655
-143.44607787764846,0.0,20.650717111626655
-143.56226500346946,0.0,20.65071711162664
-143.67845212929043,0.0,20.650717111626655
-143.79463925511138,0.0,20.65071711162664
-143.91082638093238,0.0,20.650717111626655
-144.02701350675335,0.0,20.650717111626655
-144.14320063257435,0.0,20.65071711162664
-144.25938775839532,0.0,20.650717111626655
-144.37557488421626,0.0,20.65071711162664
-144.49176201003726,0.0,20.650717111626655
-144.60794913585826,0.0,20.650717111626665
-144.7241362616792,0.0,20.65071711162664
-144.84032338750018,0.0,20.65071711162664
-144.95651051332115,0.0,20.65071711162664
-145.07269763914212,0.0,20.65071711162664
-145.18888476496312,-1.2722218725854067e-14,20.650717111626655
-145.30507189078406,0.0,20.650717111626655
-145.42125901660506,0.0,20.65071711162664
-145.53744614242603,0.0,20.65071711162664
-145.653633268247,0.0,20.65071711162664
-145.76982039406798,0.0,20.65071711162664
-145.88600751988895,-1.2722218725854067e-14,20.650717111626655
-146.00219464570992,-1.2722218725854067e-14,20.650717111626655
-146.1183817715309,0.0,20.650717111626655
-146.2345688973519,0.0,20.65071711162664
-146.35075602317286,0.0,20.65071711162664
-146.46694314899383,0.0,20.650717111626655
-146.58313027481483,0.0,20.65071711162663
-146.69931740063578,0.0,20.650717111626655
-146.81550452645675,0.0,20.650717111626655
-146.93169165227775,0.0,20.65071711162664
-147.0478787780987,0.0,20.65071711162664
-147.16406590391966,0.0,20.65071711162664
-147.28025302974063,0.0,20.65071711162664
-147.39644015556163,0.0,20.650717111626655
-147.5126272813826,0.0,20.650717111626655
-147.6288144072036,0.0,20.650717111626655
-147.74500153302455,0.0,20.65071711162664
-147.86118865884555,0.0,20.650717111626655
-147.97737578466652,0.0,20.650717111626655
-148.0935629104875,1.2722218725854067e-14,20.650717111626655
-148.20975003630846,1.2722218725854067e-14,20.65071711162664
-148.32593716212943,0.0,20.65071711162664
-148.4421242879504,0.0,20.65071711162664
-148.55831141377138,0.0,20.65071711162664
-148.67449853959235,0.0,20.650717111626655
-148.79068566541332,0.0,20.650717111626655
-148.90687279123432,1.2722218725854067e-14,20.65071711162664
-149.0230599170553,1.2722218725854067e-14,20.65071711162664
-149.13924704287626,0.0,20.65071711162664
-149.2554341686972,0.0,20.65071711162664
-149.3716212945182,1.2722218725854067e-14,20.650717111626655
-149.48780842033918,0.0,20.650717111626655
-149.60399554616018,0.0,20.65071711162664
-149.72018267198115,0.0,20.65071711162664
-149.83636979780212,0.0,20.650717111626655
-149.95255692362306,0.0,20.65071711162664
-150.06874404944404,0.0,20.65071711162664
-150.18493117526504,0.0,20.650717111626655
-150.301118301086,-1.2722218725854067e-14,20.650717111626655
-150.41730542690698,0.0,20.65071711162664
-150.53349255272795,0.0,20.65071711162664
-150.64967967854898,0.0,20.650717111626665
-150.7658668043699,0.0,20.65071711162664
-150.8820539301909,1.2722218725854067e-14,20.650717111626655
-150.99824105601184,0.0,20.650717111626655
-151.11442818183284,0.0,20.65071711162664
-151.2306153076538,0.0,20.65071711162664
-151.34680243347478,1.2722218725854067e-14,20.65071711162664
-151.46298955929575,0.0,20.650717111626655
-151.57917668511675,0.0,20.65071711162664
-151.69536381093772,0.0,20.65071711162664
-151.8115509367587,0.0,20.65071711162664
-151.92773806257966,0.0,20.65071711162664
-152.0439251884006,0.0,20.650717111626655
-152.16011231422164,0.0,20.65071711162664
-152.2762994400426,0.0,20.65071711162664
-152.39248656586358,0.0,20.65071711162664
-152.50867369168455,0.0,20.650717111626655
-152.6248608175055,0.0,20.65071711162664
-152.74104794332646,1.2722218725854067e-14,20.650717111626655
-152.8572350691475,0.0,20.650717111626665
-152.97342219496846,0.0,20.65071711162664
-153.08960932078944,0.0,20.65071711162664
-153.20579644661038,0.0,20.65071711162664
-153.32198357243135,1.2722218725854067e-14,20.65071711162664
-153.43817069825232,0.0,20.65071711162664
-153.55435782407332,0.0,20.650717111626655
-153.6705449498943,0.0,20.65071711162664
-153.78673207571524,-1.2722218725854067e-14,20.650717111626655
-153.90291920153624,0.0,20.65071711162664
-154.0191063273572,-1.2722218725854067e-14,20.650717111626655
-154.13529345317818,0.0,20.65071711162664
-154.25148057899915,0.0,20.65071711162664
-154.36766770482015,0.0,20.650717111626665
-154.48385483064112,1.2722218725854067e-14,20.65071711162664
-154.6000419564621,0.0,20.65071711162664
-154.71622908228306,0.0,20.650717111626655
-154.83241620810406,0.0,20.65071711162664
-154.94860333392504,0.0,20.65071711162664
-155.064790459746,0.0,20.65071711162664
-155.180977585567,0.0,20.650717111626655
-155.29716471138795,0.0,20.65071711162664
-155.4133518372089,0.0,20.65071711162664
-155.52953896302986,0.0,20.650717111626655
-155.6457260888509,0.0,20.65071711162664
-155.76191321467186,0.0,20.65071711162664
-155.87810034049284,-1.2722218725854067e-14,20.65071711162664
-155.99428746631378,0.0,20.65071711162664
-156.11047459213475,-1.2722218725854067e-14,20.650717111626655
-156.22666171795572,1.2722218725854067e-14,20.650717111626655
-156.34284884377675,0.0,20.65071711162664
-156.4590359695977,0.0,20.650717111626655
-156.57522309541866,0.0,20.65071711162664
-156.69141022123964,0.0,20.65071711162664
-156.8075973470606,0.0,20.65071711162664
-156.92378447288158,0.0,20.65071711162664
-157.03997159870258,0.0,20.65071711162664
-157.15615872452352,0.0,20.650717111626655
-157.2723458503445,0.0,20.650717111626655
-157.3885329761655,0.0,20.650717111626655
-157.50472010198646,0.0,20.65071711162664
-157.62090722780744,0.0,20.65071711162664
-157.73709435362838,0.0,20.65071711162664
-157.8532814794494,-1.2722218725854067e-14,20.65071711162664
-157.96946860527035,0.0,20.650717111626655
-158.08565573109135,0.0,20.65071711162664
-158.2018428569123,0.0,20.650717111626665
-158.31802998273332,0.0,20.65071711162664
-158.43421710855426,0.0,20.650717111626655
-158.55040423437524,0.0,20.650717111626655
-158.66659136019624,1.2722218725854067e-14,20.65071711162664
-158.78277848601718,0.0,20.65071711162664
-158.89896561183815,0.0,20.650717111626655
-159.01515273765912,1.2722218725854067e-14,20.65071711162664
-159.13133986348015,1.2722218725854067e-14,20.65071711162664
-159.24752698930112,-1.2722218725854067e-14,20.65071711162664
-159.36371411512206,-1.2722218725854067e-14,20.65071711162664
-159.47990124094304,1.2722218725854067e-14,20.65071711162664
-159.596088366764,0.0,20.65071711162664
-159.71227549258498,0.0,20.65071711162664
-159.82846261840598,0.0,20.650717111626655
-159.94464974422692,0.0,20.650717111626655
-160.06083687004792,0.0,20.65071711162664
-160.1770239958689,0.0,20.65071711162664
-160.29321112168986,0.0,20.650717111626655
-160.40939824751084,0.0,20.650717111626655
-160.52558537333184,0.0,20.65071711162664
-160.6417724991528,0.0,20.65071711162664
-160.75795962497378,0.0,20.65071711162664
-160.87414675079475,0.0,20.65071711162664
-160.99033387661572,0.0,20.65071711162664
-161.10652100243666,0.0,20.65071711162664
-161.22270812825764,0.0,20.65071711162664
-161.33889525407866,0.0,20.65071711162664
-161.45508237989964,0.0,20.65071711162664
-161.57126950572058,0.0,20.65071711162664
-161.68745663154155,0.0,20.65071711162664
-161.80364375736258,1.2722218725854067e-14,20.65071711162664
-161.9198308831835,0.0,20.65071711162664
-162.03601800900452,1.2722218725854067e-14,20.65071711162664
-162.15220513482546,0.0,20.65071711162664
-162.26839226064644,0.0,20.650717111626655
-162.3845793864674,0.0,20.65071711162664
-162.50076651228838,1.2722218725854067e-14,20.65071711162664
-162.61695363810938,0.0,20.650717111626655
-162.73314076393035,0.0,20.65071711162664
-162.84932788975132,1.2722218725854067e-14,20.65071711162664
-162.9655150155723,0.0,20.65071711162664
-163.08170214139327,0.0,20.65071711162664
-163.19788926721424,0.0,20.65071711162664
-163.31407639303524,0.0,20.65071711162664
-163.4302635188562,1.2722218725854067e-14,20.65071711162664
-163.54645064467718,0.0,20.650717111626655
-163.66263777049815,0.0,20.65071711162664
-163.77882489631912,-1.2722218725854067e-14,20.650717111626655
-163.89501202214007,0.0,20.65071711162664
-164.0111991479611,0.0,20.65071711162664
-164.12738627378207,0.0,20.65071711162664
-164.24357339960304,0.0,20.650717111626665
-164.35976052542398,-1.2722218725854067e-14,20.650717111626655
-164.47594765124495,0.0,20.65071711162664
-164.59213477706592,0.0,20.65071711162664
-164.7083219028869,0.0,20.65071711162664
-164.82450902870792,0.0,20.650717111626665
-164.94069615452884,0.0,20.650717111626655
-165.05688328034984,0.0,20.65071711162664
-165.1730704061708,0.0,20.65071711162664
-165.28925753199178,0.0,20.65071711162664
-165.40544465781275,0.0,20.650717111626655
-165.52163178363375,1.2722218725854067e-14,20.65071711162664
-165.63781890945472,0.0,20.65071711162664
-165.7540060352757,0.0,20.65071711162664
-165.87019316109667,1.2722218725854067e-14,20.65071711162664
-165.98638028691764,0.0,20.65071711162664
-166.1025674127386,0.0,20.650717111626655
-166.21875453855958,0.0,20.650717111626655
-166.33494166438058,0.0,20.65071711162664
-166.45112879020155,0.0,20.65071711162664
-166.56731591602252,1.2722218725854067e-14,20.650717111626655
-166.68350304184347,-1.2722218725854067e-14,20.65071711162664
-166.79969016766447,0.0,20.650717111626655
-166.91587729348544,0.0,20.650717111626655
-167.03206441930644,0.0,20.65071711162664
-167.14825154512738,0.0,20.65071711162664
-167.26443867094835,0.0,20.65071711162664
-167.38062579676932,0.0,20.65071711162664
-167.4968129225903,1.2722218725854067e-14,20.65071711162664
-167.61300004841132,0.0,20.65071711162664
-167.72918717423227,0.0,20.65071711162664
-167.84537430005324,0.0,20.65071711162664
-167.9615614258742,0.0,20.650717111626665
-168.07774855169518,1.2722218725854067e-14,20.65071711162664
-168.1939356775162,0.0,20.65071711162664
-168.31012280333715,0.0,20.65071711162664
-168.42630992915812,-1.2722218725854067e-14,20.65071711162664
-168.5424970549791,0.0,20.65071711162664
-168.65868418080004,1.2722218725854067e-14,20.650717111626655
-168.77487130662104,0.0,20.65071711162664
-168.89105843244198,0.0,20.65071711162664
-169.007245558263,0.0,20.65071711162664
-169.12343268408398,0.0,20.65071711162664
-169.23961980990495,0.0,20.650717111626655
-169.35580693572592,0.0,20.65071711162664
-169.47199406154687,0.0,20.65071711162664
-169.5881811873679,1.2722218725854067e-14,20.65071711162664
-169.70436831318887,1.2722218725854067e-14,20.65071711162664
-169.82055543900984,0.0,20.65071711162664
-169.9367425648308,0.0,20.65071711162664
-170.05292969065175,0.0,20.65071711162664
-170.16911681647272,0.0,20.65071711162664
-170.2853039422937,0.0,20.65071711162664
-170.40149106811472,0.0,20.65071711162664
-170.51767819393567,0.0,20.65071711162664
-170.63386531975664,0.0,20.65071711162664
-170.7500524455776,1.2722218725854067e-14,20.65071711162664
-170.86623957139858,0.0,20.65071711162664
-170.98242669721955,1.2722218725854067e-14,20.65071711162664
-171.09861382304055,0.0,20.65071711162664
-171.2148009488615,0.0,20.650717111626655
-171.3309880746825,0.0,20.650717111626665
-171.44717520050347,0.0,20.650717111626655
-171.56336232632444,0.0,20.65071711162664
-171.67954945214544,0.0,20.650717111626665
-171.7957365779664,1.2722218725854067e-14,20.65071711162664
-171.91192370378738,0.0,20.65071711162664
-172.02811082960835,0.0,20.65071711162664
-172.14429795542932,0.0,20.650717111626655
-172.26048508125027,0.0,20.65071711162664
-172.37667220707124,0.0,20.650717111626655
-172.49285933289227,0.0,20.65071711162664
-172.6090464587132,0.0,20.650717111626655
-172.7252335845342,0.0,20.65071711162664
-172.84142071035515,-1.2722218725854067e-14,20.650717111626655
-172.95760783617612,1.2722218725854067e-14,20.65071711162664
-173.0737949619971,1.2722218725854067e-14,20.65071711162664
-173.1899820878181,-1.2722218725854067e-14,20.650717111626655
-173.30616921363907,0.0,20.65071711162664
-173.42235633946004,0.0,20.650717111626665
-173.538543465281,-1.2722218725854067e-14,20.650717111626655
-173.65473059110198,0.0,20.65071711162664
-173.77091771692298,0.0,20.650717111626655
-173.88710484274395,0.0,20.65071711162664
-174.00329196856492,0.0,20.650717111626665
-174.1194790943859,0.0,20.65071711162664
-174.23566622020687,0.0,20.65071711162664
-174.35185334602784,0.0,20.650717111626655
-174.4680404718488,0.0,20.65071711162664
-174.5842275976698,0.0,20.65071711162664
-174.70041472349078,0.0,20.65071711162664
-174.81660184931175,0.0,20.65071711162664
-174.93278897513272,0.0,20.65071711162664
-175.04897610095367,0.0,20.65071711162664
-175.1651632267747,0.0,20.65071711162664
-175.2813503525956,0.0,20.65071711162664
-175.39753747841664,0.0,20.65071711162664
-175.51372460423758,0.0,20.650717111626655
-175.62991173005855,0.0,20.65071711162664
-175.74609885587952,0.0,20.65071711162664
-175.8622859817005,0.0,20.650717111626655
-175.97847310752152,0.0,20.65071711162664
-176.09466023334247,0.0,20.650717111626655
-176.21084735916344,-1.2722218725854067e-14,20.65071711162664
-176.3270344849844,0.0,20.65071711162664
-176.44322161080538,0.0,20.650717111626655
-176.55940873662635,0.0,20.65071711162664
-176.67559586244735,0.0,20.65071711162664
-176.79178298826832,0.0,20.65071711162664
-176.9079701140893,-1.2722218725854067e-14,20.65071711162664
-177.0241572399103,0.0,20.650717111626655
-177.14034436573124,0.0,20.650717111626665
-177.2565314915522,0.0,20.65071711162664
-177.3727186173732,0.0,20.65071711162664
-177.48890574319415,1.2722218725854067e-14,20.650717111626655
-177.60509286901515,1.2722218725854067e-14,20.65071711162664
-177.72127999483612,0.0,20.65071711162664
-177.83746712065707,0.0,20.650717111626665
-177.95365424647804,1.2722218725854067e-14,20.650717111626655
-178.06984137229907,0.0,20.65071711162664
-178.18602849812004,-1.2722218725854067e-14,20.65071711162664
-178.30221562394098,0.0,20.650717111626655
-178.41840274976195,0.0,20.65071711162664
-178.53458987558292,-1.2722218725854067e-14,20.65071711162664
-178.6507770014039,0.0,20.650717111626655
-178.76696412722487,0.0,20.650717111626665
-178.8831512530459,0.0,20.65071711162664
-178.9993383788668,0.0,20.650717111626655
-179.1155255046878,1.2722218725854067e-14,20.650717111626665
-179.23171263050878,1.2722218725854067e-14,20.65071711162664
-179.34789975632975,0.0,20.65071711162664
-179.46408688215075,1.2722218725854067e-14,20.65071711162664
-179.5802740079717,0.0,20.650717111626655
-179.6964611337927,0.0,20.65071711162664
-179.81264825961367,0.0,20.65071711162664
-179.92883538543464,0.0,20.65071711162664
179.95497748874436,0.0,20.650717111626655
179.83879036292342,0.0,20.650717111626655
179.72260323710245,0.0,20.650717111626655
179.60641611128145,1.2722218725854067e-14,20.650717111626655
179.49022898546048,0.0,20.650717111626655
179.3740418596395,0.0,20.650717111626655
179.25785473381853,0.0,20.650717111626655
179.14166760799756,0.0,20.650717111626655
179.0254804821766,0.0,20.650717111626655
178.9092933563556,0.0,20.650717111626655
178.79310623053465,-1.2722218725854067e-14,20.650717111626655
178.67691910471368,1.2722218725854067e-14,20.650717111626655
178.56073197889268,0.0,20.650717111626655
178.4445448530717,1.2722218725854067e-14,20.650717111626655
178.3283577272507,0.0,20.650717111626655
178.21217060142976,0.0,20.650717111626655
178.0959834756088,0.0,20.650717111626655
177.97979634978782,1.2722218725854067e-14,20.650717111626655
177.86360922396682,0.0,20.650717111626655
177.74742209814585,-1.2722218725854067e-14,20.650717111626655
177.63123497232488,0.0,20.650717111626655
177.5150478465039,1.2722218725854067e-14,20.650717111626655
177.39886072068293,0.0,20.650717111626655
177.28267359486196,0.0,20.650717111626655
177.16648646904096,-1.2722218725854067e-14,20.65071711162663
177.05029934322,0.0,20.650717111626655
176.93411221739905,1.2722218725854067e-14,20.650717111626655
176.81792509157805,0.0,20.650717111626655
176.70173796575708,1.2722218725854067e-14,20.650717111626655
176.5855508399361,0.0,20.650717111626655
176.46936371411513,0.0,20.650717111626655
176.35317658829416,1.2722218725854067e-14,20.650717111626655
176.23698946247316,0.0,20.650717111626655
176.1208023366522,0.0,20.650717111626655
176.00461521083122,0.0,20.650717111626655
175.88842808501025,0.0,20.650717111626655
175.7722409591893,0.0,20.650717111626655
175.6560538333683,-1.2722218725854067e-14,20.650717111626655
175.53986670754733,0.0,20.650717111626655
175.42367958172636,0.0,20.650717111626655
175.3074924559054,0.0,20.650717111626655
175.1913053300844,0.0,20.650717111626655
175.07511820426342,0.0,20.650717111626655
174.95893107844245,0.0,20.650717111626655
174.8427439526215,0.0,20.650717111626655
174.7265568268005,0.0,20.650717111626655
174.61036970097953,0.0,20.650717111626655
174.49418257515856,0.0,20.650717111626655
174.37799544933756,0.0,20.65071711162663
174.26180832351662,0.0,20.650717111626655
174.14562119769565,0.0,20.650717111626655
174.02943407187468,0.0,20.650717111626655
173.91324694605365,0.0,20.650717111626655
173.79705982023268,0.0,20.650717111626655
173.68087269441173,0.0,20.650717111626655
173.56468556859076,1.2722218725854067e-14,20.650717111626655
173.4484984427698,0.0,20.650717111626655
173.33231131694882,-1.2722218725854067e-14,20.650717111626655
173.21612419112782,-1.2722218725854067e-14,20.650717111626655
173.09993706530685,0.0,20.650717111626655
172.98374993948588,1.2722218725854067e-14,20.650717111626655
172.8675628136649,0.0,20.650717111626655
172.75137568784393,0.0,20.650717111626655
172.63518856202296,0.0,20.650717111626655
172.51900143620202,1.2722218725854067e-14,20.650717111626655
172.402814310381,0.0,20.650717111626655
172.28662718456002,0.0,20.650717111626655
172.17044005873905,0.0,20.650717111626655
172.0542529329181,1.2722218725854067e-14,20.650717111626655
171.9380658070971,0.0,20.650717111626655
171.82187868127613,0.0,20.650717111626655
171.70569155545516,0.0,20.650717111626655
171.58950442963416,1.2722218725854067e-14,20.650717111626655
171.47331730381322,1.2722218725854067e-14,20.650717111626655
171.35713017799225,1.2722218725854067e-14,20.650717111626655
171.24094305217127,1.2722218725854067e-14,20.650717111626655
171.12475592635028,0.0,20.650717111626655
171.0085688005293,0.0,20.650717111626655
170.89238167470836,0.0,20.650717111626655
170.77619454888736,0.0,20.650717111626655
170.66000742306636,1.2722218725854067e-14,20.650717111626655
170.5438202972454,0.0,20.650717111626655
170.42763317142442,0.0,20.650717111626655
170.31144604560347,-1.2722218725854067e-14,20.650717111626655
170.1952589197825,0.0,20.650717111626655
170.07907179396153,0.0,20.650717111626655
169.96288466814053,0.0,20.650717111626655
169.84669754231956,1.2722218725854067e-14,20.650717111626655
169.7305104164986,0.0,20.650717111626655
169.61432329067762,0.0,20.650717111626655
169.49813616485665,0.0,20.65071711162664
169.38194903903565,0.0,20.650717111626655
169.26576191321467,0.0,20.650717111626655
169.1495747873937,0.0,20.650717111626655
169.03338766157273,0.0,20.650717111626655
168.91720053575176,0.0,20.650717111626655
168.8010134099308,0.0,20.650717111626655
168.68482628410982,1.2722218725854067e-14,20.650717111626655
168.56863915828885,1.2722218725854067e-14,20.650717111626655
168.45245203246785,0.0,20.650717111626655
168.33626490664687,0.0,20.650717111626655
168.22007778082587,0.0,20.650717111626655
168.10389065500493,0.0,20.650717111626655
167.98770352918396,0.0,20.650717111626655
167.871516403363,0.0,20.650717111626655
167.75532927754202,0.0,20.650717111626655
167.63914215172102,0.0,20.650717111626655
167.52295502590007,0.0,20.650717111626655
167.40676790007907,0.0,20.650717111626655
167.2905807742581,0.0,20.650717111626655
167.17439364843713,1.2722218725854067e-14,20.650717111626655
167.05820652261613,0.0,20.650717111626655
166.94201939679516,0.0,20.650717111626655
166.82583227097422,0.0,20.650717111626655
166.70964514515322,0.0,20.650717111626655
166.59345801933225,0.0,20.650717111626655
166.47727089351127,1.2722218725854067e-14,20.650717111626655
166.36108376769033,0.0,20.650717111626655
166.24489664186933,0.0,20.650717111626655
166.12870951604833,0.0,20.65071711162663
166.01252239022736,0.0,20.650717111626655
165.89633526440642,0.0,20.650717111626655
165.78014813858545,0.0,20.650717111626655
165.66396101276447,0.0,20.650717111626655
165.5477738869435,0.0,20.650717111626655
165.43158676112253,0.0,20.650717111626655
165.31539963530153,1.2722218725854067e-14,20.650717111626655
165.19921250948056,0.0,20.650717111626655
165.0830253836596,0.0,20.650717111626655
164.96683825783862,0.0,20.650717111626655
164.85065113201762,0.0,20.650717111626655
164.73446400619667,0.0,20.650717111626655
164.61827688037567,0.0,20.650717111626655
164.5020897545547,1.2722218725854067e-14,20.650717111626655
164.38590262873376,0.0,20.65071711162664
164.26971550291273,0.0,20.650717111626655
164.1535283770918,0.0,20.650717111626655
164.03734125127082,0.0,20.650717111626655
163.92115412544985,0.0,20.650717111626655
163.80496699962885,0.0,20.650717111626655
163.68877987380787,0.0,20.650717111626655
163.57259274798693,0.0,20.650717111626655
163.45640562216593,0.0,20.650717111626655
163.34021849634496,0.0,20.650717111626655
163.224031370524,0.0,20.650717111626655
163.10784424470302,1.2722218725854067e-14,20.650717111626655
162.99165711888202,0.0,20.650717111626655
162.87546999306105,0.0,20.650717111626655
162.75928286724007,0.0,20.650717111626655
162.6430957414191,0.0,20.650717111626655
162.52690861559813,0.0,20.650717111626655
162.4107214897772,0.0,20.650717111626655
162.2945343639562,0.0,20.650717111626655
162.1783472381352,-1.2722218725854067e-14,20.650717111626655
162.06216011231422,0.0,20.650717111626655
161.94597298649327,0.0,20.65071711162663
161.82978586067227,0.0,20.650717111626655
161.7135987348513,0.0,20.650717111626655
161.59741160903033,0.0,20.650717111626655
161.48122448320933,0.0,20.650717111626655
161.3650373573884,0.0,20.650717111626655
161.24885023156742,0.0,20.650717111626655
161.13266310574645,1.2722218725854067e-14,20.650717111626655
161.01647597992545,0.0,20.650717111626655
160.90028885410447,0.0,20.65071711162663
160.78410172828353,0.0,20.650717111626655
160.66791460246253,0.0,20.650717111626655
160.55172747664153,-1.2722218725854067e-14,20.650717111626655
160.4355403508206,0.0,20.650717111626655
160.3193532249996,0.0,20.650717111626655
160.20316609917865,0.0,20.650717111626655
160.08697897335767,1.2722218725854067e-14,20.650717111626655
159.9707918475367,0.0,20.650717111626655
159.8546047217157,0.0,20.650717111626655
159.73841759589473,0.0,20.650717111626655
159.62223047007376,0.0,20.650717111626655
159.5060433442528,0.0,20.650717111626655
159.38985621843182,1.2722218725854067e-14,20.650717111626655
159.27366909261082,1.2722218725854067e-14,20.650717111626655
159.15748196678985,0.0,20.650717111626655
159.0412948409689,0.0,20.650717111626655
158.92510771514793,0.0,20.650717111626655
158.80892058932693,0.0,20.650717111626655
158.69273346350596,0.0,20.650717111626655
158.576546337685,1.2722218725854067e-14,20.650717111626655
158.46035921186407,1.2722218725854067e-14,20.65071711162664
158.34417208604302,0.0,20.650717111626655
158.22798496022202,0.0,20.65071711162664
158.11179783440107,0.0,20.650717111626655
157.99561070858013,0.0,20.65071711162664
157.87942358275916,0.0,20.650717111626655
157.76323645693816,0.0,20.65071711162664
157.6470493311172,0.0,20.650717111626655
157.5308622052962,0.0,20.650717111626655
157.41467507947524,1.2722218725854067e-14,20.650717111626655
157.29848795365425,0.0,20.650717111626655
157.18230082783327,0.0,20.650717111626655
157.0661137020123,0.0,20.650717111626655
156.94992657619133,0.0,20.650717111626655
156.8337394503704,0.0,20.650717111626655
156.7175523245494,0.0,20.650717111626655
156.60136519872842,0.0,20.650717111626655
156.48517807290742,0.0,20.650717111626655
156.36899094708644,1.2722218725854067e-14,20.650717111626655
156.2528038212655,0.0,20.650717111626655
156.1366166954445,0.0,20.650717111626655
156.0204295696235,0.0,20.650717111626655
155.90424244380256,0.0,20.650717111626655
155.7880553179816,0.0,20.650717111626655
155.67186819216062,0.0,20.650717111626655
155.55568106633964,0.0,20.650717111626655
155.43949394051867,0.0,20.650717111626655
155.32330681469767,0.0,20.650717111626655
155.2071196888767,0.0,20.650717111626655
155.09093256305576,0.0,20.650717111626655
154.9747454372348,0.0,20.650717111626655
154.85855831141376,0.0,20.650717111626655
154.74237118559282,0.0,20.650717111626655
154.62618405977184,0.0,20.650717111626655
154.50999693395084,0.0,20.650717111626655
154.39380980812987,0.0,20.650717111626655
154.27762268230887,0.0,20.650717111626655
154.1614355564879,0.0,20.650717111626655
154.045248430667,0.0,20.650717111626655
153.929061304846,0.0,20.650717111626655
153.81287417902502,0.0,20.65071711162663
153.69668705320404,0.0,20.650717111626655
153.58049992738304,0.0,20.650717111626655
153.46431280156207,0.0,20.650717111626655
153.34812567574113,1.2722218725854067e-14,20.650717111626655
153.23193854992013,0.0,20.650717111626655
153.11575142409913,0.0,20.650717111626655
152.9995642982782,0.0,20.650717111626655
152.88337717245722,0.0,20.650717111626655
152.76719004663622,0.0,20.650717111626655
152.65100292081527,0.0,20.650717111626655
152.53481579499427,0.0,20.650717111626655
152.4186286691733,-1.2722218725854067e-14,20.650717111626655
152.30244154335236,0.0,20.650717111626655
152.18625441753133,0.0,20.650717111626655
152.07006729171036,0.0,20.650717111626655
151.9538801658894,0.0,20.650717111626655
151.83769304006844,0.0,20.650717111626655
151.7215059142475,1.2722218725854067e-14,20.650717111626655
151.6053187884265,0.0,20.650717111626655
151.4891316626055,0.0,20.650717111626655
151.3729445367845,0.0,20.650717111626655
151.25675741096356,0.0,20.650717111626655
151.1405702851426,0.0,20.650717111626655
151.0243831593216,1.2722218725854067e-14,20.650717111626655
150.90819603350062,0.0,20.65071711162663
150.79200890767964,0.0,20.650717111626655
150.6758217818587,0.0,20.650717111626655
150.55963465603773,0.0,20.650717111626655
150.4434475302167,0.0,20.65071711162664
150.32726040439576,0.0,20.650717111626655
150.2110732785748,0.0,20.650717111626655
150.09488615275382,0.0,20.650717111626655
149.97869902693282,-1.2722218725854067e-14,20.650717111626655
149.8625119011119,0.0,20.650717111626655
149.74632477529084,0.0,20.650717111626655
149.6301376494699,0.0,20.65071711162664
149.51395052364893,0.0,20.650717111626655
149.397763397828,0.0,20.650717111626655
149.281576272007,0.0,20.650717111626655
149.165389146186,0.0,20.650717111626655
149.04920202036504,0.0,20.650717111626655
148.93301489454404,0.0,20.650717111626655
148.8168277687231,0.0,20.650717111626655
148.7006406429021,0.0,20.65071711162664
148.58445351708113,1.2722218725854067e-14,20.65071711162664
148.4682663912602,0.0,20.650717111626655
148.3520792654392,0.0,20.650717111626655
148.23589213961822,0.0,20.650717111626655
148.11970501379724,1.2722218725854067e-14,20.650717111626655
148.00351788797624,0.0,20.650717111626655
147.8873307621553,-1.2722218725854067e-14,20.650717111626655
147.77114363633433,1.2722218725854067e-14,20.650717111626655
147.65495651051336,0.0,20.65071711162664
147.53876938469236,0.0,20.650717111626655
147.42258225887136,0.0,20.65071711162664
147.30639513305042,0.0,20.650717111626655
147.19020800722947,0.0,20.650717111626655
147.07402088140847,0.0,20.650717111626655
146.95783375558747,0.0,20.650717111626655
146.84164662976653,0.0,20.65071711162664
146.72545950394556,0.0,20.650717111626655
146.60927237812453,0.0,20.650717111626655
146.49308525230356,0.0,20.650717111626655
146.3768981264826,0.0,20.650717111626655
146.26071100066164,0.0,20.650717111626655
146.1445238748407,0.0,20.650717111626655
146.02833674901967,0.0,20.650717111626655
145.9121496231987,0.0,20.65071711162664
145.7959624973777,0.0,20.650717111626655
145.67977537155676,1.2722218725854067e-14,20.650717111626655
145.56358824573576,0.0,20.650717111626655
145.44740111991484,1.2722218725854067e-14,20.650717111626655
145.33121399409382,0.0,20.650717111626655
145.21502686827284,1.2722218725854067e-14,20.650717111626655
145.0988397424519,-1.2722218725854067e-14,20.650717111626655
144.9826526166309,-1.2722218725854067e-14,20.650717111626655
144.86646549080993,1.2722218725854067e-14,20.650717111626655
144.75027836498893,0.0,20.650717111626655
144.634091239168,0.0,20.650717111626655
144.51790411334702,1.2722218725854067e-14,20.650717111626655
144.40171698752604,0.0,20.65071711162664
144.28552986170502,1.2722218725854067e-14,20.650717111626655
144.1693427358841,0.0,20.650717111626655
144.05315561006313,0.0,20.650717111626655
143.93696848424213,0.0,20.65071711162664
143.82078135842116,0.0,20.650717111626655
143.7045942326002,0.0,20.650717111626655
143.58840710677921,0.0,20.650717111626655
143.47221998095822,0.0,20.650717111626655
143.3560328551373,0.0,20.650717111626655
143.23984572931627,1.2722218725854067e-14,20.650717111626655
143.1236586034953,-1.2722218725854067e-14,20.65071711162664
143.0074714776743,0.0,20.650717111626655
142.89128435185336,0.0,20.65071711162664
142.77509722603241,1.2722218725854067e-14,20.650717111626655
142.6589101002114,0.0,20.650717111626655
142.54272297439044,0.0,20.650717111626655
142.42653584856944,0.0,20.650717111626655
142.3103487227485,0.0,20.650717111626655
142.1941615969275,0.0,20.650717111626655
142.07797447110653,1.2722218725854067e-14,20.650717111626655
141.96178734528553,-1.2722218725854067e-14,20.650717111626655
141.8456002194646,0.0,20.650717111626655
141.72941309364361,0.0,20.650717111626655
141.61322596782261,0.0,20.650717111626655
141.4970388420017,0.0,20.650717111626655
141.38085171618064,0.0,20.65071711162664
141.2646645903597,0.0,20.650717111626655
141.14847746453873,1.2722218725854067e-14,20.650717111626655
141.0322903387178,0.0,20.650717111626655
140.91610321289676,1.2722218725854067e-14,20.650717111626655
140.7999160870758,1.2722218725854067e-14,20.650717111626655
140.68372896125484,0.0,20.650717111626655
140.56754183543387,0.0,20.650717111626655
140.4513547096129,0.0,20.650717111626655
140.33516758379187,0.0,20.650717111626655
140.21898045797093,0.0,20.650717111626655
140.10279333214996,0.0,20.650717111626655
139.986606206329,0.0,20.650717111626655
139.870419080508,0.0,20.650717111626655
139.75423195468704,0.0,20.650717111626655
139.63804482886601,0.0,20.650717111626655
139.52185770304507,0.0,20.650717111626655
139.40567057722413,0.0,20.650717111626655
139.28948345140313,0.0,20.650717111626655
139.17329632558219,1.2722218725854067e-14,20.650717111626655
139.05710919976116,0.0,20.650717111626655
138.94092207394021,0.0,20.650717111626655
138.82473494811924,1.2722218725854067e-14,20.65071711162664
138.70854782229824,0.0,20.650717111626655
138.59236069647724,0.0,20.65071711162664
138.4761735706563,0.0,20.650717111626655
138.35998644483536,1.2722218725854067e-14,20.650717111626655
138.24379931901436,0.0,20.650717111626655
138.1276121931934,0.0,20.650717111626665
138.01142506737241,0.0,20.650717111626655
137.89523794155144,0.0,20.65071711162664
137.77905081573044,0.0,20.650717111626655
137.66286368990947,0.0,20.65071711162664
137.54667656408853,0.0,20.650717111626655
137.43048943826753,-1.2722218725854067e-14,20.65071711162664
137.31430231244656,-1.2722218725854067e-14,20.650717111626655
137.1981151866256,0.0,20.650717111626655
137.08192806080461,0.0,20.650717111626655
136.96574093498361,0.0,20.650717111626655
136.84955380916264,0.0,20.650717111626655
136.7333666833417,0.0,20.650717111626655
136.6171795575207,0.0,20.650717111626655
136.5009924316997,1.2722218725854067e-14,20.650717111626655
136.38480530587873,0.0,20.650717111626655
136.26861818005776,0.0,20.65071711162664
136.1524310542368,0.0,20.650717111626655
136.03624392841584,0.0,20.650717111626655
135.92005680259487,0.0,20.65071711162664
135.8038696767739,0.0,20.65071711162664
135.68768255095287,0.0,20.650717111626655
135.57149542513193,1.2722218725854067e-14,20.650717111626655
135.45530829931096,0.0,20.650717111626655
135.33912117349,0.0,20.650717111626655
135.22293404766899,0.0,20.650717111626648
135.106746921848,1.2722218725854067e-14,20.650717111626648
134.99055979602707,0.0,20.650717111626662
134.87437267020607,-1.2722218725854067e-14,20.650717111626655
134.75818554438513,0.0,20.650717111626648
134.6419984185641,0.0,20.650717111626648
134.52581129274316,0.0,20.650717111626648
134.40962416692219,0.0,20.650717111626648
134.29343704110119,0.0,20.65071711162664
134.1772499152802,0.0,20.650717111626655
134.06106278945924,1.2722218725854067e-14,20.650717111626655
133.9448756636383,0.0,20.650717111626648
133.82868853781733,-1.2722218725854067e-14,20.65071711162664
133.71250141199633,0.0,20.650717111626648
133.59631428617536,0.0,20.650717111626655
133.48012716035436,0.0,20.650717111626655
133.3639400345334,1.2722218725854067e-14,20.650717111626655
133.24775290871244,0.0,20.650717111626655
133.13156578289147,1.2722218725854067e-14,20.650717111626648
133.01537865707047,0.0,20.650717111626655
132.8991915312495,0.0,20.650717111626633
132.78300440542853,0.0,20.650717111626648
132.66681727960759,0.0,20.650717111626655
132.55063015378653,0.0,20.65071711162664
132.4344430279656,0.0,20.650717111626648
132.3182559021446,0.0,20.650717111626648
132.20206877632367,1.2722218725854067e-14,20.650717111626648
132.08588165050267,0.0,20.650717111626655
131.9696945246817,0.0,20.650717111626655
131.85350739886073,0.0,20.650717111626633
131.73732027303973,0.0,20.65071711162664
131.6211331472188,0.0,20.650717111626655
131.50494602139784,0.0,20.650717111626655
131.38875889557687,0.0,20.650717111626655
131.27257176975584,0.0,20.650717111626648
131.15638464393487,0.0,20.650717111626655
131.04019751811393,1.2722218725854067e-14,20.650717111626655
130.92401039229293,0.0,20.650717111626648
130.80782326647193,0.0,20.650717111626655
130.69163614065096,0.0,20.650717111626648
130.57544901483,1.2722218725854067e-14,20.650717111626655
130.45926188900904,1.2722218725854067e-14,20.650717111626648
130.34307476318804,0.0,20.650717111626655
130.22688763736707,0.0,20.650717111626655
130.1107005115461,0.0,20.650717111626648
129.99451338572513,0.0,20.65071711162664
129.87832625990416,0.0,20.650717111626648
129.76213913408318,0.0,20.650717111626655
129.6459520082622,0.0,20.650717111626648
129.5297648824412,0.0,20.650717111626655
129.41357775662027,0.0,20.650717111626648
129.2973906307993,0.0,20.650717111626648
129.1812035049783,1.2722218725854067e-14,20.65071711162664
129.06501637915736,1.2722218725854067e-14,20.650717111626648
128.94882925333636,1.2722218725854067e-14,20.650717111626655
128.83264212751538,-1.2722218725854067e-14,20.650717111626655
128.71645500169438,0.0,20.650717111626633
128.6002678758734,0.0,20.650717111626655
128.48408075005247,0.0,20.650717111626655
128.3678936242315,1.2722218725854067e-14,20.650717111626655
128.25170649841053,0.0,20.650717111626648
128.13551937258956,0.0,20.650717111626633
128.01933224676856,1.2722218725854067e-14,20.650717111626648
127.90314512094757,-1.2722218725854067e-14,20.650717111626648
127.78695799512663,0.0,20.650717111626648
127.67077086930561,0.0,20.650717111626655
127.55458374348467,1.2722218725854067e-14,20.650717111626648
127.43839661766367,0.0,20.650717111626655
127.32220949184271,0.0,20.650717111626655
127.20602236602174,0.0,20.650717111626655
127.08983524020074,0.0,20.650717111626648
126.97364811437981,0.0,20.650717111626648
126.85746098855878,0.0,20.650717111626655
126.74127386273784,0.0,20.650717111626648
126.62508673691686,0.0,20.650717111626648
126.50889961109588,0.0,20.650717111626648
126.39271248527487,0.0,20.650717111626655
126.27652535945396,1.2722218725854067e-14,20.650717111626655
126.16033823363297,0.0,20.65071711162664
126.044151107812,-1.2722218725854067e-14,20.650717111626655
125.92796398199103,0.0,20.650717111626655
125.81177685617004,0.0,20.650717111626648
125.69558973034904,0.0,20.650717111626655
125.57940260452808,0.0,20.650717111626655
125.46321547870708,0.0,20.650717111626648
125.3470283528861,0.0,20.65071711162664
125.23084122706516,0.0,20.650717111626648
125.11465410124418,0.0,20.650717111626655
124.99846697542323,0.0,20.650717111626655
124.88227984960223,1.2722218725854067e-14,20.650717111626648
124.76609272378127,0.0,20.650717111626648
124.64990559796024,1.2722218725854067e-14,20.65071711162664
124.53371847213933,0.0,20.650717111626655
124.41753134631837,0.0,20.650717111626655
124.30134422049737,0.0,20.650717111626648
124.18515709467636,0.0,20.650717111626648
124.06896996885538,0.0,20.650717111626648
123.95278284303443,0.0,20.650717111626648
123.83659571721346,0.0,20.650717111626648
123.72040859139247,0.0,20.650717111626648
123.60422146557153,1.2722218725854067e-14,20.650717111626655
123.48803433975053,0.0,20.65071711162664
123.37184721392954,-1.2722218725854067e-14,20.650717111626648
123.25566008810857,0.0,20.650717111626648
123.1394729622876,0.0,20.650717111626648
123.02328583646661,0.0,20.650717111626655
122.90709871064564,0.0,20.650717111626655
122.79091158482471,0.0,20.650717111626648
122.67472445900371,0.0,20.650717111626655
122.55853733318273,1.2722218725854067e-14,20.650717111626655
122.44235020736173,0.0,20.650717111626648
122.32616308154081,0.0,20.65071711162664
122.2099759557198,0.0,20.650717111626648
122.09378882989883,1.2722218725854067e-14,20.650717111626648
121.97760170407784,0.0,20.650717111626655
121.86141457825687,1.2722218725854067e-14,20.650717111626655
121.7452274524359,0.0,20.650717111626655
121.62904032661491,1.2722218725854067e-14,20.650717111626655
121.51285320079394,0.0,20.650717111626655
121.39666607497298,0.0,20.650717111626655
121.28047894915201,1.2722218725854067e-14,20.650717111626655
121.16429182333104,0.0,20.650717111626655
121.04810469751008,0.0,20.65071711162664
120.93191757168906,0.0,20.650717111626655
120.8157304458681,0.0,20.650717111626648
120.69954332004713,0.0,20.650717111626648
120.58335619422617,0.0,20.65071711162664
120.4671690684052,0.0,20.650717111626655
120.3509819425842,0.0,20.650717111626648
120.23479481676321,0.0,20.650717111626655
120.11860769094227,0.0,20.650717111626655
120.00242056512128,0.0,20.650717111626648
119.88623343930028,0.0,20.650717111626648
119.77004631347933,0.0,20.650717111626655
119.65385918765836,0.0,20.650717111626648
119.53767206183738,0.0,20.650717111626648
119.42148493601643,1.2722218725854067e-14,20.650717111626655
119.30529781019543,1.2722218725854067e-14,20.65071711162664
119.18911068437447,0.0,20.650717111626655
119.07292355855347,0.0,20.650717111626648
118.9567364327325,0.0,20.650717111626655
118.84054930691151,0.0,20.65071711162664
118.72436218109054,0.0,20.650717111626655
118.60817505526958,0.0,20.650717111626648
118.49198792944861,1.2722218725854067e-14,20.650717111626648
118.37580080362767,0.0,20.650717111626655
118.25961367780668,-1.2722218725854067e-14,20.650717111626648
118.14342655198568,0.0,20.650717111626655
118.0272394261647,0.0,20.650717111626648
117.91105230034375,-1.2722218725854067e-14,20.650717111626633
117.79486517452276,1.2722218725854067e-14,20.650717111626648
117.67867804870177,1.2722218725854067e-14,20.650717111626655
117.56249092288078,0.0,20.650717111626648
117.44630379705984,0.0,20.650717111626648
117.3301166712389,0.0,20.650717111626655
117.21392954541788,0.0,20.650717111626648
117.09774241959691,0.0,20.650717111626648
116.98155529377593,0.0,20.650717111626648
116.86536816795495,0.0,20.650717111626655
116.74918104213396,0.0,20.650717111626633
116.63299391631303,0.0,20.650717111626648
116.51680679049205,0.0,20.650717111626648
116.40061966467104,0.0,20.650717111626655
116.28443253885004,0.0,20.650717111626655
116.16824541302913,0.0,20.650717111626648
116.05205828720814,0.0,20.650717111626648
115.93587116138714,1.2722218725854067e-14,20.650717111626655
115.81968403556618,-1.2722218725854067e-14,20.650717111626655
115.70349690974521,0.0,20.650717111626655
115.58730978392424,1.2722218725854067e-14,20.650717111626655
115.47112265810323,0.0,20.650717111626648
115.35493553228228,0.0,20.650717111626633
115.2387484064613,0.0,20.650717111626662
115.12256128064033,0.0,20.650717111626655
115.00637415481935,0.0,20.65071711162664
114.8901870289984,0.0,20.650717111626662
114.77399990317743,0.0,20.650717111626648
114.65781277735641,0.0,20.650717111626655
114.54162565153544,0.0,20.650717111626648
114.4254385257145,0.0,20.650717111626655
114.30925139989351,0.0,20.650717111626648
114.19306427407251,0.0,20.650717111626648
114.07687714825158,0.0,20.650717111626655
113.96069002243058,0.0,20.650717111626648
113.8445028966096,1.2722218725854067e-14,20.650717111626648
113.72831577078864,0.0,20.65071711162664
113.61212864496764,1.2722218725854067e-14,20.650717111626648
113.49594151914673,1.2722218725854067e-14,20.650717111626662
113.37975439332573,0.0,20.650717111626662
113.26356726750474,0.0,20.650717111626655
113.14738014168375,0.0,20.65071711162664
113.03119301586278,0.0,20.65071711162664
112.91500589004178,0.0,20.650717111626648
112.79881876422081,0.0,20.650717111626648
112.68263163839988,1.2722218725854067e-14,20.650717111626655
112.56644451257891,-1.2722218725854067e-14,20.650717111626662
112.4502573867579,0.0,20.650717111626648
112.3340702609369,1.2722218725854067e-14,20.650717111626648
112.21788313511595,0.0,20.650717111626648
112.101696009295,1.2722218725854067e-14,20.650717111626633
111.98550888347401,0.0,20.65071711162664
111.86932175765303,0.0,20.65071711162664
111.75313463183204,0.0,20.650717111626648
111.6369475060111,0.0,20.650717111626655
111.52076038019008,1.2722218725854067e-14,20.650717111626648
111.40457325436915,1.2722218725854067e-14,20.65071711162664
111.28838612854815,0.0,20.650717111626648
111.17219900272718,0.0,20.650717111626648
111.05601187690621,0.0,20.650717111626633
110.93982475108525,1.2722218725854067e-14,20.650717111626662
110.82363762526424,0.0,20.650717111626648
110.70745049944328,0.0,20.65071711162664
110.59126337362231,0.0,20.65071711162664
110.47507624780135,0.0,20.650717111626655
110.35888912198038,0.0,20.65071711162664
110.24270199615937,0.0,20.650717111626648
110.12651487033844,0.0,20.650717111626633
110.01032774451741,0.0,20.650717111626648
109.89414061869645,0.0,20.650717111626648
109.77795349287545,-1.2722218725854067e-14,20.650717111626655
109.66176636705451,1.2722218725854067e-14,20.650717111626662
109.54557924123357,1.2722218725854067e-14,20.65071711162664
109.42939211541258,0.0,20.650717111626655
109.31320498959157,0.0,20.650717111626648
109.19701786377063,1.2722218725854067e-14,20.650717111626655
109.08083073794964,0.0,20.65071711162664
108.96464361212865,0.0,20.65071711162664
108.84845648630767,0.0,20.650717111626648
108.73226936048674,0.0,20.650717111626655
108.61608223466571,0.0,20.650717111626648
108.49989510884473,0.0,20.650717111626648
108.38370798302378,0.0,20.650717111626655
108.26752085720281,0.0,20.650717111626648
108.15133373138183,0.0,20.650717111626648
108.03514660556088,0.0,20.650717111626655
107.91895947973987,1.2722218725854067e-14,20.650717111626648
107.8027723539189,0.0,20.650717111626648
107.68658522809791,0.0,20.650717111626648
107.57039810227694,0.0,20.650717111626648
107.454210976456,0.0,20.650717111626648
107.33802385063503,1.2722218725854067e-14,20.65071711162664
107.22183672481405,0.0,20.65071711162664
107.10564959899307,0.0,20.650717111626665
106.98946247317211,1.2722218725854067e-14,20.650717111626655
106.87327534735111,0.0,20.650717111626655
106.75708822153013,0.0,20.650717111626648
106.64090109570914,1.2722218725854067e-14,20.65071711162664
106.5247139698882,0.0,20.650717111626648
106.40852684406721,0.0,20.65071711162664
106.29233971824624,0.0,20.650717111626648
106.17615259242528,0.0,20.65071711162664
106.0599654666043,0.0,20.650717111626655
105.94377834078333,0.0,20.65071711162664
105.82759121496233,0.0,20.65071711162664
105.71140408914135,-1.2722218725854067e-14,20.650717111626648
105.59521696332038,0.0,20.650717111626655
105.4790298374994,0.0,20.65071711162664
105.3628427116784,0.0,20.650717111626648
105.24665558585748,0.0,20.650717111626655
105.13046846003647,0.0,20.650717111626648
105.0142813342155,0.0,20.650717111626648
104.89809420839454,0.0,20.65071711162664
104.78190708257357,0.0,20.650717111626648
104.66571995675257,0.0,20.650717111626648
104.5495328309316,0.0,20.65071711162664
104.43334570511063,0.0,20.65071711162664
104.31715857928965,0.0,20.650717111626648
104.20097145346868,0.0,20.650717111626648
104.08478432764771,0.0,20.650717111626633
103.96859720182674,0.0,20.65071711162664
103.85241007600575,0.0,20.650717111626655
103.73622295018477,0.0,20.650717111626648
103.62003582436381,1.2722218725854067e-14,20.65071711162664
103.50384869854285,1.2722218725854067e-14,20.650717111626662
103.38766157272188,0.0,20.65071711162664
103.27147444690088,1.2722218725854067e-14,20.65071711162664
103.15528732107991,0.0,20.650717111626662
103.03910019525892,0.0,20.65071711162664
102.92291306943795,0.0,20.650717111626648
102.80672594361701,0.0,20.650717111626655
102.69053881779601,0.0,20.650717111626655
102.57435169197507,0.0,20.65071711162664
102.45816456615407,0.0,20.65071711162664
102.3419774403331,1.2722218725854067e-14,20.650717111626662
102.22579031451211,0.0,20.65071711162664
102.10960318869112,0.0,20.650717111626648
101.99341606287014,0.0,20.650717111626648
101.87722893704917,0.0,20.650717111626648
101.76104181122824,0.0,20.65071711162664
101.64485468540721,0.0,20.650717111626648
101.52866755958625,0.0,20.65071711162664
101.41248043376525,0.0,20.650717111626648
101.29629330794431,0.0,20.650717111626648
101.18010618212335,0.0,20.650717111626655
101.06391905630235,1.2722218725854067e-14,20.650717111626648
100.94773193048137,0.0,20.650717111626648
100.8315448046604,1.2722218725854067e-14,20.650717111626648
100.71535767883942,0.0,20.650717111626655
100.59917055301844,1.2722218725854067e-14,20.650717111626655
100.4829834271975,1.2722218725854067e-14,20.650717111626655
100.36679630137651,0.0,20.650717111626648
100.25060917555555,0.0,20.65071711162664
100.13442204973455,0.0,20.65071711162664
100.01823492391358,0.0,20.650717111626648
99.90204779809261,0.0,20.650717111626655
99.78586067227162,-1.2722218725854067e-14,20.650717111626648
99.66967354645064,0.0,20.65071711162664
99.5534864206297,0.0,20.65071711162664
99.43729929480874,0.0,20.65071711162664
99.32111216898774,0.0,20.65071711162664
99.20492504316677,0.0,20.650717111626648
99.0887379173458,0.0,20.650717111626655
98.97255079152481,-1.2722218725854067e-14,20.650717111626648
98.85636366570381,0.0,20.650717111626648
98.74017653988285,1.2722218725854067e-14,20.65071711162664
98.62398941406191,0.0,20.650717111626662
98.5078022882409,0.0,20.65071711162664
98.39161516241991,0.0,20.65071711162664
98.27542803659897,1.2722218725854067e-14,20.65071711162664
98.159240910778,0.0,20.65071711162664
98.04305378495701,0.0,20.65071711162664
97.92686665913604,0.0,20.65071711162664
97.81067953331507,0.0,20.650717111626648
97.69449240749407,0.0,20.650717111626655
97.5783052816731,0.0,20.65071711162664
97.46211815585214,0.0,20.650717111626648
97.34593103003117,1.2722218725854067e-14,20.650717111626655
97.22974390421018,0.0,20.650717111626648
97.11355677838924,1.2722218725854067e-14,20.650717111626648
96.99736965256822,1.2722218725854067e-14,20.650717111626648
96.88118252674728,0.0,20.650717111626655
96.76499540092628,0.0,20.650717111626655
96.64880827510531,-1.2722218725854067e-14,20.65071711162664
96.53262114928432,0.0,20.650717111626648
96.41643402346337,0.0,20.650717111626648
96.3002468976424,0.0,20.650717111626662
96.18405977182138,0.0,20.650717111626655
96.06787264600044,0.0,20.650717111626648
95.95168552017947,1.2722218725854067e-14,20.650717111626655
95.83549839435851,-1.2722218725854067e-14,20.650717111626633
95.7193112685375,0.0,20.65071711162664
95.60312414271657,0.0,20.650717111626633
95.48693701689557,0.0,20.65071711162664
95.37074989107457,0.0,20.650717111626655
95.25456276525361,0.0,20.65071711162664
95.13837563943265,0.0,20.650717111626633
95.02218851361168,1.2722218725854067e-14,20.650717111626633
94.90600138779067,0.0,20.650717111626648
94.78981426196971,0.0,20.650717111626648
94.67362713614875,0.0,20.65071711162664
94.55744001032777,0.0,20.650717111626633
94.44125288450677,0.0,20.65071711162664
94.32506575868584,0.0,20.650717111626662
94.20887863286482,1.2722218725854067e-14,20.650717111626648
94.09269150704388,0.0,20.650717111626662
93.97650438122287,0.0,20.650717111626648
93.86031725540192,0.0,20.650717111626648
93.74413012958094,-1.2722218725854067e-14,20.650717111626655
93.62794300375994,0.0,20.650717111626655
93.511755877939,0.0,20.650717111626655
93.39556875211801,-1.2722218725854067e-14,20.65071711162664
93.27938162629707,0.0,20.650717111626662
93.16319450047604,0.0,20.650717111626648
93.0470073746551,0.0,20.65071711162664
92.93082024883408,0.0,20.650717111626648
92.81463312301312,0.0,20.650717111626648
92.69844599719218,-1.2722218725854067e-14,20.650717111626648
92.58225887137118,0.0,20.650717111626648
92.46607174555025,0.0,20.650717111626648
92.34988461972924,0.0,20.65071711162664
92.23369749390824,0.0,20.650717111626648
92.1175103680873,0.0,20.650717111626648
92.00132324226631,0.0,20.650717111626655
91.88513611644532,0.0,20.650717111626655
91.76894899062437,0.0,20.650717111626655
91.65276186480341,0.0,20.65071711162664
91.5365747389824,0.0,20.650717111626655
91.42038761316142,0.0,20.650717111626648
91.30420048734047,0.0,20.65071711162664
91.1880133615195,1.2722218725854067e-14,20.65071711162664
91.0718262356985,0.0,20.650717111626665
90.95563910987754,0.0,20.650717111626655
90.83945198405655,0.0,20.650717111626655
90.7232648582356,0.0,20.650717111626662
90.6070777324146,0.0,20.650717111626655
90.49089060659361,0.0,20.650717111626648
90.37470348077267,0.0,20.650717111626662
90.2585163549517,0.0,20.650717111626655
90.14232922913072,1.2722218725854067e-14,20.65071711162664
90.02614210330972,1.2722218725854067e-14,20.650717111626648
89.90995497748877,0.0,20.650717111626655
89.79376785166777,0.0,20.650717111626655
89.6775807258468,-1.2722218725854067e-14,20.650717111626648
89.56139360002582,0.0,20.650717111626662
89.44520647420488,0.0,20.650717111626648
89.32901934838391,1.2722218725854067e-14,20.650717111626655
89.2128322225629,0.0,20.650717111626648
89.09664509674197,0.0,20.650717111626648
88.98045797092097,0.0,20.650717111626648
88.8642708451,0.0,20.65071711162664
88.74808371927898,0.0,20.650717111626648
88.63189659345805,1.2722218725854067e-14,20.650717111626655
88.51570946763708,1.2722218725854067e-14,20.65071711162664
88.39952234181607,0.0,20.65071711162664
88.2833352159951,0.0,20.650717111626648
88.16714809017414,0.0,20.650717111626655
88.05096096435317,1.2722218725854067e-14,20.650717111626633
87.93477383853218,1.2722218725854067e-14,20.650717111626655
87.81858671271121,0.0,20.650717111626655
87.70239958689027,0.0,20.650717111626648
87.58621246106924,1.2722218725854067e-14,20.650717111626648
87.47002533524827,0.0,20.650717111626655
87.35383820942734,0.0,20.650717111626648
87.23765108360637,0.0,20.650717111626648
87.12146395778537,0.0,20.65071711162664
87.00527683196438,0.0,20.650717111626662
86.8890897061434,1.2722218725854067e-14,20.650717111626648
86.77290258032245,0.0,20.650717111626648
86.65671545450147,-1.2722218725854067e-14,20.650717111626633
86.5405283286805,0.0,20.650717111626648
86.42434120285951,0.0,20.650717111626655
86.30815407703855,0.0,20.650717111626655
86.19196695121757,0.0,20.650717111626648
86.0757798253966,0.0,20.650717111626648
85.95959269957561,0.0,20.650717111626648
85.84340557375462,0.0,20.650717111626655
85.72721844793365,0.0,20.650717111626648
85.61103132211267,0.0,20.650717111626655
85.49484419629172,0.0,20.650717111626662
85.37865707047075,0.0,20.650717111626633
85.26246994464975,0.0,20.650717111626655
85.14628281882877,0.0,20.650717111626648
85.03009569300782,0.0,20.650717111626648
84.91390856718687,0.0,20.650717111626648
84.79772144136585,0.0,20.65071711162664
84.6815343155449,1.2722218725854067e-14,20.65071711162664
84.56534718972394,0.0,20.650717111626648
84.44916006390294,0.0,20.650717111626633
84.33297293808194,-1.2722218725854067e-14,20.65071711162663
84.21678581226098,0.0,20.650717111626648
84.10059868643997,0.0,20.650717111626662
83.98441156061905,0.0,20.650717111626648
83.86822443479807,0.0,20.650717111626655
83.75203730897711,0.0,20.650717111626655
83.6358501831561,1.2722218725854067e-14,20.65071711162664
83.51966305733515,0.0,20.65071711162664
83.4034759315142,0.0,20.650717111626662
83.28728880569318,1.2722218725854067e-14,20.650717111626648
83.17110167987222,0.0,20.650717111626655
83.0549145540512,0.0,20.650717111626662
82.93872742823028,0.0,20.650717111626648
82.82254030240925,0.0,20.650717111626648
82.70635317658832,0.0,20.650717111626655
82.59016605076735,1.2722218725854067e-14,20.650717111626662
82.47397892494635,1.2722218725854067e-14,20.650717111626648
82.3577917991254,0.0,20.650717111626648
82.24160467330438,1.2722218725854067e-14,20.650717111626648
82.12541754748345,1.2722218725854067e-14,20.650717111626648
82.00923042166245,1.2722218725854067e-14,20.650717111626655
81.89304329584152,1.2722218725854067e-14,20.650717111626648
81.77685617002048,0.0,20.650717111626648
81.66066904419954,0.0,20.650717111626648
81.5444819183786,0.0,20.65071711162664
81.42829479255755,0.0,20.650717111626648
81.31210766673662,0.0,20.650717111626648
81.19592054091562,0.0,20.650717111626648
81.07973341509468,0.0,20.65071711162664
80.9635462892737,1.2722218725854067e-14,20.650717111626648
80.84735916345271,0.0,20.65071711162664
80.73117203763175,0.0,20.65071711162664
80.61498491181074,0.0,20.650717111626633
80.49879778598981,0.0,20.65071711162664
80.38261066016878,0.0,20.650717111626633
80.26642353434788,0.0,20.65071711162664
80.15023640852688,0.0,20.650717111626648
80.03404928270587,0.0,20.650717111626655
79.91786215688491,0.0,20.650717111626655
79.80167503106394,0.0,20.650717111626655
79.68548790524298,0.0,20.650717111626648
79.56930077942197,0.0,20.65071711162664
79.45311365360098,0.0,20.650717111626655
79.33692652778004,0.0,20.650717111626648
79.22073940195904,0.0,20.650717111626648
79.10455227613808,0.0,20.65071711162664
78.98836515031714,1.2722218725854067e-14,20.650717111626648
78.87217802449614,0.0,20.65071711162664
78.75599089867515,1.2722218725854067e-14,20.650717111626648
78.63980377285418,0.0,20.650717111626633
78.52361664703322,0.0,20.650717111626655
78.40742952121222,0.0,20.650717111626648
78.29124239539127,0.0,20.65071711162664
78.1750552695703,1.2722218725854067e-14,20.650717111626648
78.05886814374934,0.0,20.650717111626655
77.94268101792835,0.0,20.650717111626655
77.82649389210731,0.0,20.650717111626648
77.7103067662864,0.0,20.650717111626648
77.5941196404654,0.0,20.65071711162666
77.47793251464446,0.0,20.650717111626648
77.36174538882345,0.0,20.650717111626648
77.2455582630025,0.0,20.650717111626644
77.12937113718152,0.0,20.650717111626644
77.01318401136052,1.2722218725854067e-14,20.650717111626648
76.89699688553956,-1.2722218725854067e-14,20.650717111626644
76.7808097597186,-1.2722218725854067e-14,20.650717111626648
76.66462263389762,1.2722218725854067e-14,20.650717111626648
76.54843550807661,0.0,20.65071711162665
76.43224838225568,-1.2722218725854067e-14,20.650717111626644
76.3160612564347,0.0,20.65071711162664
76.19987413061368,0.0,20.650717111626648
76.08368700479275,0.0,20.650717111626644
75.96749987897178,0.0,20.650717111626648
75.85131275315081,0.0,20.650717111626648
75.7351256273298,1.2722218725854067e-14,20.650717111626648
75.61893850150885,0.0,20.650717111626644
75.50275137568785,1.2722218725854067e-14,20.650717111626648
75.38656424986688,0.0,20.65071711162664
75.27037712404591,-1.2722218725854067e-14,20.65071711162665
75.15418999822494,0.0,20.650717111626648
75.038002872404,0.0,20.650717111626648
74.92181574658296,1.2722218725854067e-14,20.65071711162664
74.805628620762,0.0,20.65071711162666
74.68944149494101,0.0,20.65071711162666
74.57325436912005,0.0,20.650717111626648
74.4570672432991,0.0,20.650717111626644
74.34088011747811,-1.2722218725854067e-14,20.650717111626644
74.22469299165715,0.0,20.650717111626648
74.10850586583615,-1.2722218725854067e-14,20.650717111626648
73.99231874001515,0.0,20.650717111626644
73.87613161419421,1.2722218725854067e-14,20.650717111626655
73.75994448837324,0.0,20.650717111626644
73.64375736255226,0.0,20.650717111626648
73.52757023673128,0.0,20.65071711162665
73.41138311091031,0.0,20.65071711162664
73.29519598508935,1.2722218725854067e-14,20.65071711162665
73.17900885926834,0.0,20.65071711162665
73.06282173344738,0.0,20.650717111626648
72.9466346076264,0.0,20.650717111626648
72.83044748180546,0.0,20.650717111626644
72.71426035598446,0.0,20.65071711162665
72.59807323016351,0.0,20.65071711162665
72.48188610434252,0.0,20.650717111626648
72.36569897852151,0.0,20.65071711162664
72.24951185270058,0.0,20.650717111626655
72.13332472687956,0.0,20.650717111626648
72.01713760105862,0.0,20.650717111626644
71.90095047523764,0.0,20.650717111626648
71.78476334941669,0.0,20.650717111626648
71.66857622359565,0.0,20.650717111626644
71.55238909777471,0.0,20.650717111626648
71.43620197195376,1.2722218725854067e-14,20.650717111626655
71.32001484613275,0.0,20.650717111626644
71.20382772031179,0.0,20.650717111626644
71.08764059449081,1.2722218725854067e-14,20.650717111626644
70.97145346866986,0.0,20.65071711162664
70.85526634284885,0.0,20.650717111626655
70.73907921702788,0.0,20.65071711162664
70.62289209120691,0.0,20.650717111626648
70.50670496538594,0.0,20.650717111626648
70.39051783956496,0.0,20.650717111626648
70.27433071374398,1.2722218725854067e-14,20.65071711162665
70.15814358792306,1.2722218725854067e-14,20.650717111626648
70.04195646210202,0.0,20.650717111626648
69.92576933628106,1.2722218725854067e-14,20.650717111626655
69.80958221046009,1.2722218725854067e-14,20.650717111626644
69.6933950846391,0.0,20.650717111626644
69.57720795881812,0.0,20.650717111626644
69.46102083299715,0.0,20.65071711162665
69.34483370717618,0.0,20.65071711162665
69.2286465813552,0.0,20.650717111626648
69.11245945553424,0.0,20.650717111626648
68.99627232971325,0.0,20.650717111626648
68.88008520389229,0.0,20.65071711162664
68.7638980780713,0.0,20.650717111626644
68.64771095225034,1.2722218725854067e-14,20.650717111626644
68.53152382642934,0.0,20.65071711162665
68.41533670060839,0.0,20.650717111626655
68.29914957478739,0.0,20.65071711162665
68.18296244896642,0.0,20.650717111626648
68.06677532314548,0.0,20.65071711162665
67.95058819732449,0.0,20.650717111626644
67.83440107150352,0.0,20.650717111626644
67.7182139456825,1.2722218725854067e-14,20.650717111626648
67.60202681986158,1.2722218725854067e-14,20.65071711162663
67.48583969404055,0.0,20.650717111626648
67.3696525682196,0.0,20.650717111626648
67.25346544239862,0.0,20.650717111626648
67.13727831657769,0.0,20.650717111626655
67.02109119075669,1.2722218725854067e-14,20.65071711162664
66.90490406493569,1.2722218725854067e-14,20.650717111626648
66.78871693911474,1.2722218725854067e-14,20.650717111626644
66.67252981329374,0.0,20.65071711162664
66.55634268747279,0.0,20.650717111626644
66.44015556165179,1.2722218725854067e-14,20.65071711162665
66.32396843583086,0.0,20.650717111626648
66.20778131000985,0.0,20.650717111626644
66.09159418418886,0.0,20.65071711162665
65.9754070583679,1.2722218725854067e-14,20.650717111626648
65.85921993254694,0.0,20.650717111626644
65.74303280672599,1.2722218725854067e-14,20.65071711162664
65.62684568090498,0.0,20.650717111626648
65.51065855508405,0.0,20.65071711162666
65.39447142926305,0.0,20.650717111626648
65.27828430344204,0.0,20.650717111626648
65.16209717762106,0.0,20.650717111626655
65.04591005180012,0.0,20.65071711162665
64.92972292597918,0.0,20.65071711162665
64.81353580015815,0.0,20.650717111626644
64.69734867433718,0.0,20.650717111626648
64.58116154851622,1.2722218725854067e-14,20.65071711162666
64.46497442269524,0.0,20.65071711162664
64.34878729687426,1.2722218725854067e-14,20.650717111626655
64.23260017105326,0.0,20.650717111626655
64.11641304523232,0.0,20.65071711162666
64.00022591941133,-1.2722218725854067e-14,20.650717111626655
63.88403879359032,-1.2722218725854067e-14,20.650717111626644
63.76785166776939,0.0,20.650717111626648
63.65166454194841,0.0,20.65071711162665
63.535477416127435,0.0,20.650717111626648
63.419290290306456,0.0,20.650717111626644
63.3031031644855,0.0,20.650717111626644
63.18691603866452,0.0,20.650717111626655
63.07072891284351,0.0,20.650717111626655
62.95454178702256,0.0,20.650717111626655
62.838354661201585,0.0,20.650717111626648
62.72216753538063,1.2722218725854067e-14,20.65071711162665
62.605980409559635,0.0,20.650717111626644
62.48979328373867,0.0,20.65071711162663
62.373606157917706,1.2722218725854067e-14,20.65071711162664
62.257419032096685,0.0,20.65071711162665
62.141231906275735,0.0,20.650717111626644
62.025044780454756,0.0,20.65071711162665
61.908857654633785,0.0,20.65071711162665
61.7926705288128,1.2722218725854067e-14,20.650717111626655
61.676483402991856,0.0,20.650717111626655
61.56029627717085,0.0,20.650717111626648
61.444109151349856,0.0,20.65071711162664
61.32792202552893,0.0,20.650717111626644
61.21173489970791,-1.2722218725854067e-14,20.65071711162665
61.09554777388697,1.2722218725854067e-14,20.650717111626655
60.97936064806596,0.0,20.650717111626648
60.863173522245035,0.0,20.65071711162664
60.74698639642402,0.0,20.65071711162665
60.630799270603056,1.2722218725854067e-14,20.650717111626644
60.5146121447821,0.0,20.650717111626648
60.3984250189611,0.0,20.65071711162665
60.28223789314017,1.2722218725854067e-14,20.650717111626648
60.16605076731916,1.2722218725854067e-14,20.650717111626644
60.049863641498234,0.0,20.650717111626648
59.93367651567719,0.0,20.650717111626648
59.817489389856235,0.0,20.65071711162665
59.70130226403527,0.0,20.65071711162665
59.58511513821426,0.0,20.650717111626648
59.46892801239331,0.0,20.650717111626655
59.352740886572356,0.0,20.65071711162666
59.23655376075136,0.0,20.650717111626648
59.120366634930384,0.0,20.65071711162664
59.004179509109385,1.2722218725854067e-14,20.650717111626648
58.88799238328844,0.0,20.650717111626648
58.77180525746746,0.0,20.650717111626644
58.655618131646484,0.0,20.650717111626648
58.539431005825506,1.2722218725854067e-14,20.650717111626644
58.42324388000451,0.0,20.650717111626644
58.307056754183556,1.2722218725854067e-14,20.65071711162665
58.19086962836258,-1.2722218725854067e-14,20.65071711162665
58.07468250254163,0.0,20.650717111626655
57.958495376720656,0.0,20.650717111626644
57.84230825089968,1.2722218725854067e-14,20.650717111626644
57.726121125078684,0.0,20.65071711162665
57.609933999257684,0.0,20.650717111626648
57.49374687343676,0.0,20.650717111626648
57.377559747615734,0.0,20.65071711162665
57.261372621794784,0.0,20.65071711162664
57.14518549597383,0.0,20.65071711162664
57.028998370152856,0.0,20.650717111626648
56.912811244331856,0.0,20.65071711162665
56.79662411851086,1.2722218725854067e-14,20.65071711162664
56.680436992689934,0.0,20.650717111626655
56.564249866868906,-1.2722218725854067e-14,20.650717111626655
56.44806274104797,0.0,20.650717111626648
56.331875615226956,0.0,20.650717111626648
56.21568848940605,0.0,20.650717111626644
56.09950136358503,0.0,20.65071711162665
55.983314237764034,0.0,20.65071711162665
55.86712711194309,0.0,20.650717111626648
55.750939986122106,0.0,20.650717111626648
55.63475286030116,0.0,20.65071711162664
55.518565734480134,0.0,20.65071711162665
55.402378608659205,0.0,20.650717111626644
55.28619148283821,0.0,20.650717111626644
55.17000435701722,1.2722218725854067e-14,20.65071711162664
55.05381723119624,0.0,20.650717111626644
54.937630105375284,1.2722218725854067e-14,20.650717111626644
54.82144297955434,0.0,20.650717111626648
54.70525585373332,0.0,20.650717111626648
54.589068727912355,0.0,20.650717111626648
54.4728816020914,0.0,20.650717111626648
54.3566944762704,1.2722218725854067e-14,20.650717111626644
54.240507350449434,1.2722218725854067e-14,20.650717111626644
54.12432022462847,1.2722218725854067e-14,20.65071711162663
54.008133098807505,0.0,20.65071711162665
53.891945972986505,0.0,20.650717111626648
53.77575884716549,0.0,20.65071711162666
53.65957172134455,0.0,20.650717111626648
53.543384595523584,0.0,20.65071711162665
53.42719746970263,0.0,20.650717111626648
53.31101034388163,1.2722218725854067e-14,20.650717111626655
53.194823218060655,0.0,20.650717111626648
53.07863609223969,0.0,20.65071711162665
52.96244896641868,0.0,20.650717111626655
52.846261840597734,0.0,20.650717111626644
52.730074714776734,0.0,20.650717111626648
52.6138875889558,0.0,20.650717111626648
52.49770046313481,0.0,20.650717111626644
52.38151333731384,0.0,20.65071711162665
52.26532621149286,0.0,20.65071711162665
52.14913908567186,0.0,20.650717111626644
52.032951959850905,0.0,20.65071711162665
51.91676483402993,0.0,20.65071711162665
51.80057770820897,0.0,20.65071711162665
51.68439058238796,0.0,20.650717111626648
51.568203456567026,0.0,20.65071711162666
51.452016330746055,0.0,20.650717111626648
51.33582920492504,0.0,20.65071711162665
51.2196420791041,1.2722218725854067e-14,20.650717111626655
51.103454953283084,1.2722218725854067e-14,20.650717111626644
50.98726782746216,0.0,20.650717111626648
50.87108070164115,1.2722218725854067e-14,20.65071711162665
50.75489357582021,-1.2722218725854067e-14,20.650717111626644
50.63870644999917,1.2722218725854067e-14,20.650717111626648
50.522519324178226,0.0,20.650717111626644
50.40633219835728,0.0,20.650717111626644
50.29014507253626,1.2722218725854067e-14,20.650717111626648
50.17395794671532,0.0,20.650717111626648
50.05777082089433,1.2722218725854067e-14,20.65071711162665
49.94158369507339,0.0,20.65071711162665
49.82539656925236,0.0,20.65071711162665
49.70920944343141,0.0,20.65071711162666
49.59302231761044,0.0,20.65071711162665
49.47683519178945,0.0,20.650717111626644
49.36064806596851,0.0,20.650717111626644
49.244460940147526,0.0,20.650717111626648
49.12827381432651,0.0,20.65071711162664
49.012086688505555,0.0,20.650717111626648
48.89589956268459,0.0,20.65071711162664
48.779712436863626,0.0,20.650717111626644
48.66352531104263,1.2722218725854067e-14,20.65071711162665
48.547338185221676,0.0,20.650717111626648
48.43115105940069,0.0,20.650717111626648
48.314963933579676,0.0,20.650717111626648
48.19877680775874,1.2722218725854067e-14,20.65071711162665
48.08258968193774,0.0,20.650717111626648
47.96640255611678,0.0,20.650717111626655
47.850215430295826,1.2722218725854067e-14,20.650717111626648
47.73402830447484,0.0,20.65071711162665
47.617841178653855,0.0,20.650717111626655
47.50165405283287,0.0,20.650717111626644
47.385466927011926,0.0,20.65071711162664
47.2692798011909,0.0,20.650717111626648
47.153092675369976,0.0,20.650717111626648
47.03690554954899,-1.2722218725854067e-14,20.65071711162665
46.920718423728026,-1.2722218725854067e-14,20.650717111626648
46.80453129790705,0.0,20.650717111626648
46.68834417208604,0.0,20.650717111626648
46.572157046265104,0.0,20.65071711162665
46.45596992044409,0.0,20.65071711162665
46.33978279462314,0.0,20.650717111626648
46.223595668802155,0.0,20.65071711162665
46.10740854298122,1.2722218725854067e-14,20.65071711162665
45.991221417160226,0.0,20.650717111626655
45.87503429133923,1.2722218725854067e-14,20.65071711162665
45.758847165518304,0.0,20.650717111626655
45.642660039697276,1.2722218725854067e-14,20.650717111626644
45.52647291387633,0.0,20.650717111626655
45.41028578805531,0.0,20.650717111626648
45.29409866223436,0.0,20.650717111626655
45.177911536413376,0.0,20.650717111626648
45.06172441059238,0.0,20.650717111626648
44.94553728477143,0.0,20.650717111626648
44.82935015895045,1.2722218725854067e-14,20.65071711162664
44.71316303312951,0.0,20.650717111626648
44.596975907308504,0.0,20.650717111626648
44.48078878148753,0.0,20.65071711162665
44.36460165566657,0.0,20.650717111626644
44.24841452984558,0.0,20.650717111626648
44.1322274040246,0.0,20.650717111626648
44.01604027820363,0.0,20.650717111626648
43.89985315238268,0.0,20.650717111626648
43.783666026561676,1.2722218725854067e-14,20.650717111626648
43.66747890074072,1.2722218725854067e-14,20.650717111626648
43.55129177491974,0.0,20.650717111626648
43.43510464909875,0.0,20.650717111626648
43.31891752327779,0.0,20.65071711162665
43.20273039745682,0.0,20.650717111626648
43.086543271635854,0.0,20.65071711162664
42.97035614581486,1.2722218725854067e-14,20.650717111626648
42.85416901999385,1.2722218725854067e-14,20.65071711162665
42.7379818941729,1.2722218725854067e-14,20.650717111626648
42.621794768351954,0.0,20.65071711162666
42.505607642530975,0.0,20.650717111626655
42.38942051670998,0.0,20.650717111626655
42.27323339088902,0.0,20.650717111626648
42.15704626506805,0.0,20.650717111626655
42.040859139247026,0.0,20.650717111626648
41.92467201342609,0.0,20.650717111626655
41.8084848876051,0.0,20.650717111626644
41.692297761784154,0.0,20.650717111626655
41.57611063596313,1.2722218725854067e-14,20.650717111626648
41.45992351014219,0.0,20.650717111626648
41.343736384321225,-1.2722218725854067e-14,20.650717111626648
41.22754925850021,0.0,20.650717111626637
41.11136213267926,1.2722218725854067e-14,20.65071711162665
40.99517500685826,0.0,20.650717111626648
40.87898788103735,0.0,20.650717111626648
40.76280075521633,1.2722218725854067e-14,20.65071711162664
40.64661362939538,0.0,20.650717111626655
40.530426503574404,0.0,20.65071711162665
40.4142393777534,1.2722218725854067e-14,20.65071711162665
40.298052251932425,0.0,20.650717111626648
40.18186512611146,0.0,20.65071711162665
40.06567800029048,0.0,20.65071711162665
39.949490874469525,0.0,20.650717111626648
39.83330374864857,1.2722218725854067e-14,20.650717111626633
39.717116622827554,1.2722218725854067e-14,20.650717111626648
39.600929497006575,0.0,20.650717111626648
39.48474237118561,1.2722218725854067e-14,20.650717111626655
39.36855524536459,0.0,20.650717111626648
39.25236811954367,0.0,20.65071711162665
39.13618099372271,0.0,20.650717111626648
39.01999386790169,0.0,20.650717111626648
38.903806742080725,1.2722218725854067e-14,20.650717111626648
38.78761961625976,1.2722218725854067e-14,20.650717111626644
38.67143249043879,0.0,20.650717111626648
38.55524536461778,0.0,20.650717111626648
38.439058238796854,0.0,20.650717111626648
38.32287111297585,1.2722218725854067e-14,20.650717111626655
38.206683987154875,0.0,20.650717111626662
38.09049686133392,0.0,20.650717111626648
37.974309735512946,0.0,20.650717111626637
37.85812260969198,0.0,20.650717111626644
37.74193548387095,0.0,20.65071711162665
