X,Y,Z
90.0,0.0,-1.0
89.99981495254477,0.18250618537772942,-1.0
89.99925981093998,0.36501162025978834,-1.0
89.99833457746848,0.5475155541535925,-1.0
89.99703925593501,0.7300172365727302,-1.0
89.99537385166612,0.9125159170400472,-1.0
89.99333837151022,1.0950108450907354,-1.0
89.99093282383755,1.2775012702754158,-1.0
89.98815721854015,1.4599864421632263,-1.0
89.98501156703173,1.6424656103449078,-1.0
89.98149588224776,1.8249380244358886,-1.0
89.97761017864526,2.007402934079372,-1.0
89.97335447220297,2.18985958894942,-1.0
89.96872878042102,2.3723072387540394,-1.0
89.963733122321,2.5547451332382685,-1.0
89.9583675184459,2.7371725221872594,-1.0
89.95263199085998,2.919588655429366,-1.0
89.9465265631487,3.1019927828392277,-1.0
89.94005126041854,3.2843841543408523,-1.0
89.93320610929705,3.4667620199107043,-1.0
89.92599113793263,3.6491256295807832,-1.0
89.91840637599441,3.8314742334417167,-1.0
89.9104518546722,4.013807081645833,-1.0
89.90212760667633,4.1961234244102545,-1.0
89.89343366623747,4.378422512019975,-1.0
89.88437006910654,4.560703594830944,-1.0
89.87493685255455,4.742965923273148,-1.0
89.86513405537248,4.925208747853699,-1.0
89.854961717871,5.107431319159911,-1.0
89.8444198818805,5.289632887862378,-1.0
89.83350859075074,5.471812704718066,-1.0
89.82222788935073,5.653970020573387,-1.0
89.81057782406863,5.836104086367278,-1.0
89.7985584428114,6.018214153134286,-1.0
89.78616979500474,6.200299472007647,-1.0
89.77341193159283,6.382359294222364,-1.0
89.7602849050381,6.564392871118281,-1.0
89.74678876932109,6.7463994541431775,-1.0
89.7329235799401,6.92837829485583,-1.0
89.71868939391113,7.110328644929093,-1.0
89.70408626976747,7.292249756152985,-1.0
89.68911426755963,7.474140880437761,-1.0
89.67377344885494,7.656001269816977,-1.0
89.65806387673737,7.837830176450586,-1.0
89.64198561580733,8.019626852628003,-1.0
89.62553873218124,8.20139055077117,-1.0
89.60872329349147,8.383120523437654,-1.0
89.59153936888582,8.564816023323695,-1.0
89.57398702902748,8.7464763032673,-1.0
89.55606634609458,8.928100616251296,-1.0
89.53777739377992,9.109688215406424,-1.0
89.5191202472907,9.291238354014387,-1.0
89.50009498334822,9.472750285510939,-1.0
89.4807016801875,9.65422326348895,-1.0
89.46094041755701,9.835656541701464,-1.0
89.44081127671835,10.017049374064785,-1.0
89.42031434044588,10.198401014661538,-1.0
89.39944969302638,10.379710717743725,-1.0
89.37821742025876,10.560977737735815,-1.0
89.35661760945365,10.742201329237789,-1.0
89.33465034943302,10.92338074702821,-1.0
89.3123157305299,11.104515246067303,-1.0
89.28961384458793,11.285604081499997,-1.0
89.26654478496106,11.466646508658997,-1.0
89.24310864651304,11.647641783067852,-1.0
89.2193055256172,11.828589160444006,-1.0
89.19513552015587,12.009487896701863,-1.0
89.17059872952015,12.190337247955854,-1.0
89.14569525460936,12.371136470523487,-1.0
89.12042519783076,12.551884820928397,-1.0
89.09478866309897,12.732581555903428,-1.0
89.06878575583568,12.913225932393667,-1.0
89.04241658296914,13.09381720755951,-1.0
89.01568125293379,13.27435463877972,-1.0
88.9885798756697,13.454837483654464,-1.0
88.96111256262225,13.63526500000838,-1.0
88.93327942674156,13.815636445893642,-1.0
88.90508058248213,13.995951079592968,-1.0
88.87651614580224,14.176208159622718,-1.0
88.8475862341636,14.35640694473591,-1.0
88.81829096653082,14.536546693925294,-1.0
88.78863046337086,14.716626666426375,-1.0
88.75860484665264,14.896646121720469,-1.0
88.72821423984648,15.076604319537747,-1.0
88.69745876792358,15.256500519860296,-1.0
88.66633855735553,15.43633398292513,-1.0
88.63485373611378,15.616103969227256,-1.0
88.60300443366917,15.795809739522708,-1.0
88.57079078099129,15.97545055483159,-1.0
88.538212910548,16.155025676441106,-1.0
88.50527095630493,16.3345343659086,-1.0
88.47196505372482,16.513975885064603,-1.0
88.43829533976707,16.693349496015866,-1.0
88.40426195288715,16.87265446114838,-1.0
88.36986503303595,17.05189004313042,-1.0
88.33510472165932,17.231055504915584,-1.0
88.29998116169742,17.410150109745807,-1.0
88.26449449758412,17.5891731211544,-1.0
88.22864487524652,17.768123802969086,-1.0
88.19243244210415,17.947001419315015,-1.0
88.15585734706856,18.12580523461779,-1.0
88.1189197405426,18.3045345136065,-1.0
88.08161977441982,18.48318852131674,-1.0
88.04395760208386,18.66176652309363,-1.0
88.00593337840783,18.840267784594843,-1.0
87.96754725975362,19.018691571793628,-1.0
87.9287994039713,19.197037150981796,-1.0
87.8896899703985,19.37530378877279,-1.0
87.85021911985967,19.553490752104658,-1.0
87.8103870146655,19.73159730824308,-1.0
87.77019381861219,19.909622724784402,-1.0
87.72963969698083,20.087566269658613,-1.0
87.68872481653668,20.265427211132376,-1.0
87.64744934552851,20.443204817812028,-1.0
87.60581345368792,20.6208983586466,-1.0
87.56381731222855,20.798507102930813,-1.0
87.52146109384552,20.976030320308094,-1.0
87.47874497271461,21.15346728077355,-1.0
87.4356691244916,21.330817254677015,-1.0
87.3922337263115,21.508079512726002,-1.0
87.34843895678785,21.685253325988747,-1.0
87.30428499601203,21.86233796589718,-1.0
87.25977202555242,22.039332704249908,-1.0
87.21490022845373,22.21623681321526,-1.0
87.16966978923624,22.393049565334227,-1.0
87.12408089389498,22.569770233523474,-1.0
87.07813372989908,22.74639809107835,-1.0
87.03182848619086,22.922932411675827,-1.0
86.98516535318515,23.099372469377542,-1.0
86.93814452276851,23.275717538632733,-1.0
86.89076618829837,23.451966894281277,-1.0
86.84303054460229,23.628119811556616,-1.0
86.79493778797715,23.804175566088766,-1.0
86.74648811618832,23.980133433907305,-1.0
86.6976817284689,24.15599269144432,-1.0
86.6485188255188,24.33175261553742,-1.0
86.59899960950409,24.507412483432674,-1.0
86.54912428405592,24.682971572787604,-1.0
86.49889305426994,24.85842916167414,-1.0
86.44830612670526,25.033784528581627,-1.0
86.39736370938373,25.209036952419726,-1.0
86.34606601178899,25.384185712521443,-1.0
86.29441324486568,25.55923008864606,-1.0
86.24240562101853,25.7341693609821,-1.0
86.19004335411152,25.909002810150305,-1.0
86.13732665946695,26.083729717206552,-1.0
86.08425575386461,26.258349363644857,-1.0
86.03083085554084,26.432861031400304,-1.0
85.9770521841877,26.607264002852,-1.0
85.92291996095199,26.78155756082603,-1.0
85.86843440843437,26.955740988598425,-1.0
85.81359575068845,27.129813569898054,-1.0
85.75840421321989,27.303774588909643,-1.0
85.70286002298545,27.47762333027664,-1.0
85.64696340839201,27.651359079104232,-1.0
85.59071459929574,27.82498112096223,-1.0
85.53411382700104,27.998488741888043,-1.0
85.47716132425965,28.171881228389577,-1.0
85.41985732526975,28.345157867448208,-1.0
85.36220206567482,28.518317946521684,-1.0
85.30419578256289,28.691360753547077,-1.0
85.24583871446535,28.864285576943693,-1.0
85.18713110135619,29.037091705616014,-1.0
85.12807318465079,29.20977842895661,-1.0
85.06866520720513,29.38234503684906,-1.0
85.00890741331463,29.554790819670878,-1.0
84.94880004871324,29.727115068296445,-1.0
84.8883433605724,29.8993170740999,-1.0
84.82753759750005,30.07139612895807,-1.0
84.76638300953955,30.243351525253367,-1.0
84.70487984816869,30.415182555876704,-1.0
84.64302836629865,30.586888514230434,-1.0
84.58082881827299,30.758468694231194,-1.0
84.51828145986656,30.929922390312875,-1.0
84.45538654828444,31.10124889742945,-1.0
84.39214434216092,31.27244751105796,-1.0
84.32855510155846,31.443517527201333,-1.0
84.26461908796654,31.61445824239132,-1.0
84.20033656430063,31.785268953691386,-1.0
84.13570779490114,31.955948958699572,-1.0
84.07073304553225,32.126497555551445,-1.0
84.0054125833809,32.296914042922886,-1.0
83.93974667705565,32.467197720033106,-1.0
83.87373559658562,32.63734788664739,-1.0
83.80737961341927,32.80736384308007,-1.0
83.7406790004234,32.977244890197355,-1.0
83.67363403188199,33.14699032942025,-1.0
83.60624498349507,33.31659946272738,-1.0
83.53851213237755,33.486071592657886,-1.0
83.47043575705814,33.655406022314295,-1.0
83.40201613747818,33.82460205536539,-1.0
83.33325355499049,33.99365899604903,-1.0
83.26414829235817,34.16257614917509,-1.0
83.19470063375356,34.33135282012823,-1.0
83.12491086475688,34.49998831487083,-1.0
83.05477927235525,34.6684819399458,-1.0
82.98430614494141,34.83683300247942,-1.0
82.91349177231251,35.00504081018426,-1.0
82.84233644566899,35.17310467136192,-1.0
82.77084045761336,35.34102389490599,-1.0
82.69900410214895,35.50879779030477,-1.0
82.62682767467875,35.67642566764421,-1.0
82.55431147200419,35.84390683761074,-1.0
82.48145579232393,36.011240611493996,-1.0
82.40826093523255,36.17842630118982,-1.0
82.33472720171949,36.345463219202934,-1.0
82.2608548941676,36.51235067864986,-1.0
82.18664431635206,36.67908799326172,-1.0
82.11209577343907,36.84567447738705,-1.0
82.03720957198456,37.01210944599463,-1.0
81.96198601993302,37.1783922146763,-1.0
81.88642542661617,37.344522099649765,-1.0
81.81052810275166,37.510498417761404,-1.0
81.73429436044188,37.67632048648911,-1.0
81.6577245131726,37.841987623945066,-1.0
81.58081887581172,38.00749914887854,-1.0
81.50357776460794,38.17285438067875,-1.0
81.42600149718955,38.338052639377565,-1.0
81.348090392563,38.50309324565238,-1.0
81.26984477111162,38.66797552082888,-1.0
81.1912649545944,38.83269878688384,-1.0
81.11235126614459,38.99726236644789,-1.0
81.0331040302683,39.16166558280834,-1.0
80.95352357284332,39.325907759911914,-1.0
80.87361022111767,39.489988222367586,-1.0
80.7933643037083,39.65390629544928,-1.0
80.71278615059971,39.81766130509876,-1.0
80.63187609314261,39.981252577928274,-1.0
80.55063446405258,40.1446794412234,-1.0
80.46906159740864,40.30794122294582,-1.0
80.38715782865192,40.471037251736036,-1.0
80.30492349458432,40.63396685691616,-1.0
80.222358933367,40.79672936849264,-1.0
80.13946448451918,40.959324117159085,-1.0
80.0562404889165,41.121750434298946,-1.0
79.97268728878987,41.28400765198829,-1.0
79.88880522772385,41.44609510299857,-1.0
79.8045946506554,41.60801212079932,-1.0
79.72005590387236,41.76975803956094,-1.0
79.63518933501206,41.93133219415743,-1.0
79.54999529305987,42.09273392016908,-1.0
79.46447412834783,42.253962553885266,-1.0
79.37862619255313,42.41501743230713,-1.0
79.2924518386967,42.57589789315033,-1.0
79.20595142114179,42.736603274847745,-1.0
79.1191252955924,42.897132916552245,-1.0
79.03197381909197,43.057486158139334,-1.0
78.94449735002182,43.21766234020992,-1.0
78.85669624809965,43.37766080409299,-1.0
78.76857087437817,43.53748089184838,-1.0
78.6801215912435,43.69712194626939,-1.0
78.59134876241374,43.856583310885576,-1.0
78.5022527529375,44.01586432996537,-1.0
78.41283392919229,44.17496434851884,-1.0
78.32309265888314,44.33388271230036,-1.0
78.23302931104105,44.492618767811265,-1.0
78.1426442560214,44.651171862302625,-1.0
78.05193786550251,44.80954134377783,-1.0
77.9609105124841,44.96772656099534,-1.0
77.86956257128571,45.12572686347135,-1.0
77.77789441754521,45.283541601482405,-1.0
77.68590642821727,45.441170126068194,-1.0
77.59359898157169,45.59861178903408,-1.0
77.500972457192,45.755865942953875,-1.0
77.40802723597383,45.912931941172445,-1.0
77.31476370012332,46.069809137808384,-1.0
77.22118223315559,46.22649688775667,-1.0
77.1272832198931,46.382994546691314,-1.0
77.0330670464642,46.53930147106801,-1.0
76.93853410030134,46.695417018126804,-1.0
76.84368477013973,46.851340545894686,-1.0
76.74851944601548,47.007071413188285,-1.0
76.65303851926419,47.16260897961648,-1.0
76.55724238251922,47.317952605583024,-1.0
76.46113142971019,47.47310165228919,-1.0
76.36470605606127,47.628055481736396,-1.0
76.26796665808952,47.78281345672882,-1.0
76.17091363360342,47.93737494087603,-1.0
76.07354738170105,48.091739298595606,-1.0
75.97586830276859,48.24590589511574,-1.0
75.8778767984786,48.39987409647782,-1.0
75.77957327178837,48.553643269539094,-1.0
75.68095812693826,48.70721278197527,-1.0
75.58203176945015,48.860582002283074,-1.0
75.48279460612555,49.013750299782856,-1.0
75.38324704504414,49.16671704462118,-1.0
75.283389495562,49.31948160777347,-1.0
75.18322236830988,49.47204336104653,-1.0
75.08274607519164,49.62440167708115,-1.0
74.98196102938242,49.776555929354714,-1.0
74.88086764532702,49.92850549218369,-1.0
74.7794663387382,50.08024974072634,-1.0
74.67775752659493,50.23178805098515,-1.0
74.57574162714069,50.3831197998095,-1.0
74.47341905988176,50.53424436489815,-1.0
74.3707902455855,50.685161124801844,-1.0
74.26785560627859,50.83586945892589,-1.0
74.16461556524531,50.986368747532644,-1.0
74.06107054702582,51.13665837174408,-1.0
73.9572209774144,51.2867377135444,-1.0
73.85306728345766,51.43660615578243,-1.0
73.74860989345288,51.586263082174355,-1.0
73.64384923694612,51.735707877306076,-1.0
73.53878574473057,51.884939926635866,-1.0
73.43341984884471,52.03395861649678,-1.0
73.32775198257058,52.18276333409928,-1.0
73.22178258043192,52.33135346753374,-1.0
73.11551207819251,52.47972840577288,-1.0
73.00894091285423,52.62788753867441,-1.0
72.90206952265535,52.77583025698341,-1.0
72.79489834706878,52.923555952334894,-1.0
72.68742782680013,53.07106401725636,-1.0
72.57965840378597,53.218353845170185,-1.0
72.47159052119204,53.365424830396215,-1.0
72.36322462341136,53.51227636815418,-1.0
72.25456115606246,53.658907854566216,-1.0
72.14560056598754,53.80531868665939,-1.0
72.03634330125058,53.95150826236809,-1.0
71.92678981113554,54.09747598053655,-1.0
71.81694054614455,54.243221240921336,-1.0
71.70679595799596,54.388743444193786,-1.0
71.5963564996226,54.534041991942516,-1.0
71.48562262516978,54.6791162866758,-1.0
71.37459478999355,54.82396573182412,-1.0
71.26327345065879,54.968589731742526,-1.0
71.15165906493725,55.112987691713215,-1.0
71.03975209180581,55.25715901794783,-1.0
70.92755299144444,55.40110311758999,-1.0
70.81506222523448,55.54481939871773,-1.0
70.70228025575656,55.68830727034585,-1.0
70.58920754678884,55.8315661424285,-1.0
70.47584456330503,55.974595425861445,-1.0
70.3621917714725,56.11739453248456,-1.0
70.24824963865035,56.259962875084284,-1.0
70.13401863338751,56.40229986739595,-1.0
70.0194992254208,56.54440492410628,-1.0
69.90469188567302,56.68627746085574,-1.0
69.78959708625094,56.82791689424094,-1.0
69.67421530044345,56.96932264181709,-1.0
69.55854700271958,57.11049412210029,-1.0
69.44259266872652,57.25143075457006,-1.0
69.3263527752877,57.392131959671595,-1.0
69.20982780040084,57.53259715881825,-1.0
69.09301822323594,57.672825774393836,-1.0
68.97592452413332,57.81281722975506,-1.0
68.85854718460166,57.95257094923387,-1.0
68.74088668731605,58.09208635813982,-1.0
68.62294351611594,58.23136288276242,-1.0
68.5047181560032,58.37039995037354,-1.0
68.38621109314005,58.50919698922973,-1.0
68.26742281484722,58.647753428574546,-1.0
68.14835380960176,58.78606869864098,-1.0
68.02900456703517,58.92414223065371,-1.0
67.9093755779313,59.0619734568315,-1.0
67.78946733422434,59.199561810389525,-1.0
67.6692803289969,59.336906725541674,-1.0
67.54881505647784,59.4740076375029,-1.0
67.4280720120403,59.61086398249153,-1.0
67.30705169219972,59.74747519773161,-1.0
67.18575459461168,59.8838407214552,-1.0
67.06418121806995,60.01995999290465,-1.0
66.94233206250438,60.15583245233499,-1.0
66.82020762897889,60.29145754101613,-1.0
66.6978084196894,60.42683470123527,-1.0
66.5751349379617,60.561963376299076,-1.0
66.45218768824952,60.69684301053605,-1.0
66.3289671761323,60.8314730492988,-1.0
66.20547390831318,60.96585293896628,-1.0
66.08170839261695,61.09998212694615,-1.0
65.95767113798792,61.23386006167696,-1.0
65.83336265448783,61.36748619263044,-1.0
65.70878345329375,61.50085997031383,-1.0
65.58393404669602,61.633980846272024,-1.0
65.45881494809603,61.76684827308998,-1.0
65.3334266720043,61.899461704394795,-1.0
65.20776973403818,62.03182059485805,-1.0
65.08184465091979,62.163924400198084,-1.0
64.95565194047396,62.29577257718216,-1.0
64.82919212162602,62.42736458362874,-1.0
64.70246571439966,62.558699878409676,-1.0
64.57547323991493,62.68977792145248,-1.0
64.44821522038586,62.82059817374253,-1.0
64.32069217911855,62.95116009732527,-1.0
64.19290464050886,63.08146315530844,-1.0
64.0648531300403,63.2115068118643,-1.0
63.93653817428192,63.34129053223173,-1.0
63.80796030088608,63.470813782718636,-1.0
63.67912003858628,63.600076030703924,-1.0
63.55001791719503,63.72907674463982,-1.0
63.42065446760164,63.857815394054,-1.0
63.29103022177004,63.98629144955184,-1.0
63.16114571273663,64.1145043828185,-1.0
63.031001474608004,64.24245366662115,-1.0
62.90059804255885,64.37013877481112,-1.0
62.76993595282965,64.49755918232614,-1.0
62.6390157427246,64.62471436519236,-1.0
62.507837950609286,64.75160380052658,-1.0
62.376403115908516,64.87822696653846,-1.0
62.244711779104094,65.00458334253254,-1.0
62.11276448173264,65.13067240891047,-1.0
61.98056176638327,65.25649364717313,-1.0
61.84810417669549,65.38204653992273,-1.0
61.715392257356825,65.50733057086498,-1.0
61.58242655410068,65.63234522481117,-1.0
61.44920761370405,65.75708998768039,-1.0
61.315735983985306,65.88156434650143,-1.0
61.1820122138019,66.00576778941516,-1.0
61.0480368530481,66.12969980567642,-1.0
60.91381045265281,66.25335988565625,-1.0
60.779333564577236,66.37674752084388,-1.0
60.64460674181259,66.49986220384895,-1.0
60.50963053837793,66.62270342840345,-1.0
60.374405509317725,66.74527068936395,-1.0
60.23893221069971,66.86756348271354,-1.0
60.10321119961253,66.98958130556402,-1.0
59.967243034163495,67.11132365615784,-1.0
59.8310282734762,67.23279003387032,-1.0
59.69456747768829,67.3539799392116,-1.0
59.557861207949216,67.4748928738287,-1.0
59.42091002641778,67.59552834050757,-1.0
59.283714496259925,67.71588584317524,-1.0
59.14627518164641,67.83596488690168,-1.0
59.008592647750454,67.95576497790199,-1.0
58.87066746074547,68.07528562353833,-1.0
58.73250018780265,68.19452633232203,-1.0
58.59409139708873,68.3134866139155,-1.0
58.45544165776358,68.43216597913438,-1.0
58.316551539977894,68.55056393994948,-1.0
58.17742161487086,68.66868000948872,-1.0
58.038052454567776,68.7865137020393,-1.0
57.898444632177714,68.9040645330495,-1.0
57.75859872179115,69.02133201913091,-1.0
57.618515298477675,69.13831567806012,-1.0
57.47819493828351,69.25501502878099,-1.0
57.33763821822921,69.37142959140644,-1.0
57.19684571630735,69.48755888722049,-1.0
57.055818011479964,69.60340243868023,-1.0
56.91455568367635,69.71895976941785,-1.0
56.77305931379062,69.83423040424239,-1.0
56.631329483679295,69.94921386914191,-1.0
56.4893667761589,70.06390969128539,-1.0
56.347171775003595,70.17831739902459,-1.0
56.20474506494282,70.29243652189605,-1.0
56.062087231658765,70.40626659062305,-1.0
55.919198861784096,70.51980713711747,-1.0
55.77608054289947,70.63305769448178,-1.0
55.63273286353111,70.74601779701092,-1.0
55.48915641314841,70.85868698019426,-1.0
55.34535178216154,70.97106478071741,-1.0
55.201319561918986,71.08315073646426,-1.0
55.05706034470507,71.1949443865188,-1.0
54.91257472373758,71.30644527116702,-1.0
54.76786329316535,71.41765293189879,-1.0
54.622926648065764,71.52856691140978,-1.0
54.47776538444231,71.63918675360335,-1.0
54.33238009922214,71.74951200359239,-1.0
54.18677139025366,71.85954220770118,-1.0
54.04093985630397,71.9692769134673,-1.0
53.89488609705654,72.07871566964343,-1.0
53.7486107131086,72.18785802619931,-1.0
53.60211430596876,72.29670353432347,-1.0
53.45539747805451,72.40525174642517,-1.0
53.30846083268976,72.51350221613615,-1.0
53.16130497410237,72.62145449831254,-1.0
53.01393050742155,72.7291081490367,-1.0
52.866338038675586,72.83646272561899,-1.0
52.71852817478912,72.94351778659956,-1.0
52.570501523580795,73.05027289175031,-1.0
52.42225869376077,73.15672760207651,-1.0
52.27380029492808,73.2628814798188,-1.0
52.12512693756827,73.36873408845484,-1.0
51.976239233050805,73.47428499270116,-1.0
51.82713779362662,73.57953375851493,-1.0
51.677823232425524,73.68447995309583,-1.0
51.52829616345371,73.7891231448877,-1.0
51.37855720159127,73.8934629035804,-1.0
51.228606962589645,73.99749880011156,-1.0
51.07844606306901,74.10123040666835,-1.0
50.92807512051593,74.20465729668918,-1.0
50.77749475328057,74.30777904486558,-1.0
50.62670558057438,74.41059522714382,-1.0
50.4757082224674,74.51310542072675,-1.0
50.32450329988581,74.61530920407542,-1.0
50.17309143460929,74.71720615691098,-1.0
50.02147324926848,74.81879586021628,-1.0
49.86964936734254,74.92007789623761,-1.0
49.71762041315639,75.02105184848648,-1.0
49.56538701187827,75.12171730174123,-1.0
49.41294978951717,75.22207384204889,-1.0
49.26030937292018,75.3221210567267,-1.0
49.10746638976999,75.42185853436396,-1.0
48.95442146858228,75.52128586482364,-1.0
48.80117523870311,75.62040263924406,-1.0
48.647728330306364,75.71920845004064,-1.0
48.49408137439114,75.81770289090754,-1.0
48.34023500277922,75.91588555681926,-1.0
48.18618984811232,76.01375604403243,-1.0
48.031946543849664,76.11131395008739,-1.0
47.877505724265255,76.20855887380988,-1.0
47.72286802444537,76.30549041531263,-1.0
47.56803408028582,76.40210817599713,-1.0
47.4130045284894,76.49841175855511,-1.0
47.257780006563394,76.59440076697027,-1.0
47.102361152816684,76.69007480651996,-1.0
46.94674860635738,76.7854334837766,-1.0
46.79094300709004,76.88047640660957,-1.0
46.63494499571309,76.97520318418663,-1.0
46.47875521371621,77.06961342697554,-1.0
46.32237430337768,77.16370674674575,-1.0
46.165802907761694,77.25748275656994,-1.0
46.00904167071575,77.35094107082564,-1.0
45.852091236868034,77.44408130519678,-1.0
45.694952251624755,77.53690307667526,-1.0
45.53762536116743,77.6294060035626,-1.0
45.38011121245033,77.7215897054714,-1.0
45.22241045319772,77.81345380332706,-1.0
45.0645237319012,77.90499791936917,-1.0
44.90645169781718,77.99622167715313,-1.0
44.74819500096401,78.08712470155179,-1.0
44.5897542921195,78.1777066187568,-1.0
44.43113022281805,78.26796705628034,-1.0
44.27232344534812,78.35790564295652,-1.0
44.1133346127495,78.44752200894301,-1.0
43.95416437881064,78.5368157857224,-1.0
43.79481339806583,78.62578660610394,-1.0
43.63528232579277,78.71443410422485,-1.0
43.47557181800964,78.80275791555195,-1.0
43.31568253147251,78.89075767688308,-1.0
43.155615123672604,78.97843302634865,-1.0
42.995370252833624,79.06578360341311,-1.0
42.83494857790904,79.15280904887639,-1.0
42.674350758579344,79.23950900487546,-1.0
42.5135774552494,79.32588311488571,-1.0
42.35262932904565,79.41193102372252,-1.0
42.19150704181343,79.49765237754262,-1.0
42.0302112561143,79.5830468238456,-1.0
41.86874263522327,79.66811401147535,-1.0
41.707101843126026,79.75285359062153,-1.0
41.54528954451631,79.83726521282091,-1.0
41.38330640479308,79.92134853095894,-1.0
41.22115309005788,80.00510319927106,-1.0
41.058830267111944,80.08852887334423,-1.0
40.89633860345371,80.17162521011821,-1.0
40.73367876727571,80.25439186788715,-1.0
40.570851427462195,80.33682850630082,-1.0
40.407857253586165,80.4189347863661,-1.0
40.244696915906644,80.50071037044837,-1.0
40.08137108536598,80.58215492227288,-1.0
39.917880433587044,80.66326810692614,-1.0
39.754225632870515,80.74404959085729,-1.0
39.590407356191996,80.82449904187949,-1.0
39.426426277199404,80.90461612917127,-1.0
39.262283070210124,80.98440052327788,-1.0
39.09797841020819,81.0638518961127,-1.0
38.93351297284156,81.1429699209585,-1.0
38.768887434419426,81.22175427246887,-1.0
38.604102471909215,81.3002046266695,-1.0
38.43915876293405,81.37832066095952,-1.0
38.27405698576971,81.45610205411288,-1.0
38.108797819342136,81.53354848627959,-1.0
37.94338194322436,81.61065963898709,-1.0
37.77781003763387,81.68743519514155,-1.0
37.61208278342981,81.76387483902914,-1.0
37.44620086211004,81.83997825631742,-1.0
37.28016495580854,81.91574513405652,-1.0
37.11397574729246,81.99117516068048,-1.0
36.94763391995936,82.06626802600852,-1.0
36.781140157834386,82.14102342124636,-1.0
36.614495145567474,82.21544103898741,-1.0
36.44769956843053,82.28952057321412,-1.0
36.280754112314604,82.36326171929915,-1.0
36.113659463727046,82.4366641740067,-1.0
35.94641630978877,82.50972763549369,-1.0
35.779025338231286,82.58245180331112,-1.0
35.61148723739403,82.65483637840512,-1.0
35.44380269622143,82.72688106311833,-1.0
35.27597240426011,82.79858556119108,-1.0
35.107997051656,82.86994957776258,-1.0
34.9398773291516,82.9409728193722,-1.0
34.771613928083084,83.01165499396056,-1.0
34.60320754037739,83.0819958108709,-1.0
34.434658858549525,83.15199498085008,-1.0
34.26596857569955,83.22165221604995,-1.0
34.097137385509896,83.29096723002839,-1.0
33.92816598224234,83.35993973775061,-1.0
33.75905506073534,83.4285694555902,-1.0
33.58980531640099,83.49685610133042,-1.0
33.42041744522231,83.56479939416525,-1.0
33.25089214375022,83.63239905470063,-1.0
33.081230109100936,83.69965480495553,-1.0
32.911432038952796,83.76656636836317,-1.0
32.74149863154359,83.83313346977214,-1.0
32.57143058566767,83.89935583544747,-1.0
32.401228600673015,83.96523319307181,-1.0
32.23089337645837,84.03076527174659,-1.0
32.060425613470386,84.09595180199301,-1.0
31.889826012700787,84.16079251575327,-1.0
31.719095275683358,84.22528714639162,-1.0
31.54823410449118,84.28943542869544,-1.0
31.37724320173371,84.35323709887639,-1.0
31.20612327055389,84.41669189457139,-1.0
31.03487501462515,84.47979955484385,-1.0
30.863499138148775,84.5425598201846,-1.0
30.6919963458507,84.60497243251301,-1.0
30.520367342978872,84.6670371351781,-1.0
30.348612835300116,84.72875367295956,-1.0
30.1767335290975,84.79012179206869,-1.0
30.004730131167154,84.85114124014967,-1.0
29.83260334881556,84.91181176628042,-1.0
29.66035388985661,84.97213312097365,-1.0
29.48798246260853,85.032105056178,-1.0
29.31548977589123,85.09172732527891,-1.0
29.142876539023217,85.15099968309973,-1.0
28.97014346181873,85.2099218859027,-1.0
28.79729125458477,85.26849369138999,-1.0
28.624320628118262,85.32671485870462,-1.0
28.45123229370308,85.38458514843148,-1.0
28.278026963107155,85.44210432259838,-1.0
28.104705348579436,85.49927214467694,-1.0
27.93126816284722,85.55608837958358,-1.0
27.757716119112846,85.61255279368056,-1.0
27.584049931051116,85.66866515477686,-1.0
27.410270312806162,85.72442523212914,-1.0
27.23637797898858,85.77983279644269,-1.0
27.062373644672427,85.83488761987249,-1.0
26.888258025392368,85.88958947602394,-1.0
26.71403183714069,85.94393813995396,-1.0
26.539695796364317,85.99793338817184,-1.0
26.365250619961937,86.05157499864018,-1.0
26.190697025281047,86.10486275077578,-1.0
26.01603573011492,86.15779642545057,-1.0
25.841267452699704,86.21037580499254,-1.0
25.666392911711583,86.26260067318653,-1.0
25.491412826263584,86.31447081527526,-1.0
25.31632791590285,86.36598601796008,-1.0
25.141138900607476,86.41714606940201,-1.0
24.9658465007838,86.46795075922235,-1.0
24.79045143726315,86.51839987850386,-1.0
24.614954431299125,86.56849321979139,-1.0
24.439356204564447,86.61823057709282,-1.0
24.263657479148158,86.6676117458799,-1.0
24.087858977552482,86.71663652308906,-1.0
23.911961422690013,86.76530470712234,-1.0
23.73596553788064,86.81361609784805,-1.0
23.559872046848575,86.8615704966018,-1.0
23.383681673719437,86.90916770618712,-1.0
23.207395143017237,86.9564075308764,-1.0
23.031013179661407,87.00328977641169,-1.0
22.854536508963776,87.0498142500054,-1.0
22.677965856625676,87.09598076034118,-1.0
22.50130194873485,87.1417891175747,-1.0
22.32454551176257,87.18723913333442,-1.0
22.147697272560595,87.23233062072234,-1.0
21.9707579583582,87.27706339431478,-1.0
21.79372829675912,87.32143727016316,-1.0
21.616609015738675,87.36545206579478,-1.0
21.439400843640684,87.40910760021349,-1.0
21.262104509174556,87.45240369390048,-1.0
21.08472074141211,87.49534016881508,-1.0
20.907250269784825,87.53791684839538,-1.0
20.729693824080705,87.58013355755898,-1.0
20.552052134441208,87.62199012270385,-1.0
20.374325931358474,87.6634863717088,-1.0
20.196515945672033,87.7046221339344,-1.0
20.018622908566044,87.74539724022357,-1.0
19.840647551566093,87.78581152290235,-1.0
19.662590606536405,87.82586481578046,-1.0
19.484452805676604,87.86555695415218,-1.0
19.30623488151881,87.90488777479683,-1.0
19.127937566924686,87.94385711597957,-1.0
18.94956159508234,87.98246481745201,-1.0
18.771107699503283,88.02071072045288,-1.0
18.59257661401952,88.05859466770869,-1.0
18.413969072780446,88.09611650343439,-1.0
18.235285810249884,88.13327607333395,-1.0
18.056527561202973,88.17007322460108,-1.0
17.87769506072327,88.2065078059198,-1.0
17.698789044199682,88.24257966746505,-1.0
17.51981024732329,88.2782886609034,-1.0
17.340759406084654,88.31363463939351,-1.0
17.161637256770444,88.3486174575869,-1.0
16.982444535960635,88.38323697162839,-1.0
16.80318198052537,88.41749303915684,-1.0
16.623850327622005,88.45138551930559,-1.0
16.444450314691966,88.48491427270315,-1.0
16.26498267945785,88.51807916147376,-1.0
16.08544815992032,88.55088004923789,-1.0
15.905847494355047,88.58331680111283,-1.0
15.726181421309704,88.61538928371333,-1.0
15.546450679600968,88.64709736515198,-1.0
15.366656008311422,88.67844091503991,-1.0
15.186798146786566,88.70941980448728,-1.0
15.006877834631684,88.74003390610373,-1.0
14.826895811708923,88.77028309399901,-1.0
14.646852818134203,88.80016724378346,-1.0
14.46674959427408,88.8296862325685,-1.0
14.286586880742949,88.85883993896715,-1.0
14.106365418399637,88.88762824309454,-1.0
13.926085948344694,88.9160510265684,-1.0
13.745749211917166,88.94410817250954,-1.0
13.565355950691615,88.97179956554231,-1.0
13.384906906474972,88.99912509179514,-1.0
13.204402821303628,89.02608463890091,-1.0
13.023844437440278,89.05267809599752,-1.0
12.843232497370934,89.07890535372825,-1.0
12.6625677438018,89.10476630424228,-1.0
12.481850919656246,89.1302608411951,-1.0
12.301082768071817,89.15538885974895,-1.0
12.120264032397102,89.18015025657324,-1.0
11.939395456188715,89.20454492984503,-1.0
11.758477783208168,89.22857277924936,-1.0
11.577511757418947,89.25223370597975,-1.0
11.396498122983266,89.27552761273853,-1.0
11.215437624259264,89.29845440373731,-1.0
11.034331005797647,89.3210139846973,-1.0
10.853179012338874,89.34320626284982,-1.0
10.671982388809912,89.3650311469365,-1.0
10.490741880321337,89.38648854720982,-1.0
10.30945823216409,89.40757837543339,-1.0
10.128132189806642,89.42830054488235,-1.0
9.946764498891662,89.44865497034367,-1.0
9.76535590523318,89.46864156811664,-1.0
9.58390715481335,89.488260256013,-1.0
9.402418993779513,89.50751095335751,-1.0
9.220892168441097,89.52639358098807,-1.0
9.039327425266377,89.54490806125621,-1.0
8.857725510879764,89.56305431802731,-1.0
8.67608717205835,89.58083227668097,-1.0
8.4944131557291,89.59824186411124,-1.0
8.312704208965668,89.61528300872706,-1.0
8.130961078985365,89.63195564045239,-1.0
7.949184513146011,89.64825969072662,-1.0
7.767375258942982,89.66419509250478,-1.0
7.585534064006051,89.67976178025789,-1.0
7.4036616760963785,89.69495968997312,-1.0
7.221758843103274,89.70978875915414,-1.0
7.039826313041361,89.7242489268214,-1.0
6.857864834047349,89.73834013351225,-1.0
6.675875154376981,89.75206232128134,-1.0
6.493858022401993,89.76541543370078,-1.0
6.311814186606946,89.7783994158603,-1.0
6.129744395586292,89.79101421436768,-1.0
5.947649398041117,89.80325977734873,-1.0
5.765529942776297,89.81513605444769,-1.0
5.583386778697165,89.82664299682735,-1.0
5.401220654806568,89.83778055716921,-1.0
5.219032320201808,89.84854868967383,-1.0
5.036822524071518,89.85894735006083,-1.0
4.854592015692509,89.86897649556923,-1.0
4.6723415444269,89.87863608495749,-1.0
4.490071859718766,89.8879260785038,-1.0
4.307783711091284,89.89684643800614,-1.0
4.125477848143483,89.90539712678253,-1.0
3.9431550205473136,89.91357810967114,-1.0
3.7608159780444095,89.92138935303038,-1.0
3.5784614704431417,89.92883082473915,-1.0
3.3960922476154756,89.93590249419687,-1.0
3.2137090594938305,89.94260433232367,-1.0
3.0313126560681107,89.94893631156046,-1.0
2.848903787382545,89.95489840586913,-1.0
2.6664832035326422,89.96049059073255,-1.0
2.484051654662025,89.9657128431547,-1.0
2.3016098909594653,89.97056514166084,-1.0
2.119158662655742,89.97504746629753,-1.0
1.9366987200205117,89.97915979863267,-1.0
1.7542308133592486,89.98290212175567,-1.0
1.5717556930102936,89.98627442027751,-1.0
1.3892741093415129,89.98927668033072,-1.0
1.2067868127474308,89.9919088895695,-1.0
1.0242945536460637,89.99417103716979,-1.0
0.8417980824757751,89.99606311382927,-1.0
0.6592981496923089,89.99758511176738,-1.0
0.476795505765624,89.99873702472541,-1.0
0.2942909011768676,89.99951884796654,-1.0
0.11178508641512981,89.99993057827575,-1.0
-0.07072118802540298,89.99997221395996,-1.0
-0.25322717164869407,89.99964375484794,-1.0
-0.43573211395988276,89.99894520229036,-1.0
-0.6182352644684501,89.99787655915982,-1.0
-0.8007358726911857,89.99643782985072,-1.0
-0.9832331881553532,89.99462902027938,-1.0
-1.1657264604017368,89.99245013788389,-1.0
-1.3482149389878069,89.98990119162423,-1.0
-1.5306978734906664,89.98698219198204,-1.0
-1.713174513510296,89.98369315096073,-1.0
-1.895644108672501,89.98003408208544,-1.0
-2.078105908632056,89.9760050004028,-1.0
-2.2605591630758504,89.97160592248109,-1.0
-2.4430031217258548,89.96683686641005,-1.0
-2.6254370343422857,89.96169785180082,-1.0
-2.807860150726649,89.95618889978589,-1.0
-2.990271720724909,89.95031003301897,-1.0
-3.172670994230429,89.94406127567494,-1.0
-3.355057221187218,89.93744265344974,-1.0
-3.537429651592854,89.93045419356021,-1.0
-3.7197875355017493,89.92309592474409,-1.0
-3.902130123027994,89.91536787725977,-1.0
-4.084456664348719,89.90727008288627,-1.0
-4.266766409706939,89.89880257492308,-1.0
-4.4490586094148385,89.88996538818996,-1.0
-4.631332513856632,89.88075855902693,-1.0
-4.813587373491806,89.87118212529398,-1.0
-4.995822438858263,89.86123612637097,-1.0
-5.178036960575163,89.85092060315752,-1.0
-5.360230189346246,89.84023559807277,-1.0
-5.542401375962749,89.82918115505521,-1.0
-5.724549771306553,89.81775731956256,-1.0
-5.90667462635334,89.80596413857153,-1.0
-6.088775192175473,89.7938016605776,-1.0
-6.270850719945254,89.78126993559493,-1.0
-6.4529004609379905,89.76836901515604,-1.0
-6.634923666534928,89.75509895231164,-1.0
-6.816919588226566,89.74145980163044,-1.0
-6.9988874776154635,89.72745161919889,-1.0
-7.180826586419574,89.71307446262094,-1.0
-7.362736166475078,89.69832839101785,-1.0
-7.544615469739666,89.68321346502792,-1.0
-7.72646374829549,89.66772974680622,-1.0
-7.908280254352343,89.65187730002435,-1.0
-8.090064240250587,89.63565618987022,-1.0
-8.271814958464422,89.6190664830477,-1.0
-8.453531661604694,89.60210824777644,-1.0
-8.635213602422262,89.5847815537915,-1.0
-8.816860033810903,89.5670864723431,-1.0
-8.998470208810357,89.54902307619639,-1.0
-9.180043380609538,89.530591439631,-1.0
-9.36157880254944,89.5117916384409,-1.0
-9.543075728126416,89.49262374993397,-1.0
-9.724533410994914,89.47308785293176,-1.0
-9.905951104970965,89.4531840277691,-1.0
-10.087328064034892,89.43291235629383,-1.0
-10.268663542334671,89.41227292186642,-1.0
-10.449956794188713,89.39126580935964,-1.0
-10.631207074089174,89.3698911051582,-1.0
-10.81241363670487,89.34814889715845,-1.0
-10.993575736884337,89.32603927476796,-1.0
-11.174692629659067,89.30356232890513,-1.0
-11.355763570246348,89.2807181519989,-1.0
-11.536787814052515,89.2575068379883,-1.0
-11.71776461667583,89.23392848232213,-1.0
-11.898693233909812,89.20998318195845,-1.0
-12.079572921745875,89.18567103536434,-1.0
-12.26040293637686,89.16099214251534,-1.0
-12.441182534199738,89.13594660489518,-1.0
-12.621910971818906,89.11053452549523,-1.0
-12.802587506049036,89.0847560088142,-1.0
-12.98321139391833,89.0586111608576,-1.0
-13.16378189267144,89.03210008913737,-1.0
-13.344298259772492,89.00522290267146,-1.0
-13.524759752908325,88.9779797119833,-1.0
-13.705165629991377,88.95037062910139,-1.0
-13.885515149162819,88.92239576755885,-1.0
-14.065807568795522,88.89405524239298,-1.0
-14.246042147497173,88.86534917014468,-1.0
-14.426218144113381,88.83627766885809,-1.0
-14.606334817730541,88.80684085808002,-1.0
-14.786391427679048,88.77703885885956,-1.0
-14.966387233536333,88.74687179374742,-1.0
-15.146321495129783,88.71633978679559,-1.0
-15.326193472539918,88.68544296355674,-1.0
-15.506002426103375,88.65418145108372,-1.0
-15.685747616415986,88.62255537792905,-1.0
-15.865428304335683,88.59056487414439,-1.0
-16.04504375098574,88.55821007127997,-1.0
-16.224593217757654,88.52549110238412,-1.0
-16.404075966314316,88.49240810200267,-1.0
-16.58349125859289,88.45896120617839,-1.0
-16.76283835680802,88.42515055245045,-1.0
-16.94211652345468,88.39097627985385,-1.0
-17.121325021311318,88.35643852891887,-1.0
-17.300463113442984,88.32153744167047,-1.0
-17.479530063204102,88.2862731616277,-1.0
-17.65852513424175,88.25064583380312,-1.0
-17.837447590498506,88.2146556047022,-1.0
-18.016296696215658,88.17830262232273,-1.0
-18.195071715935942,88.1415870361542,-1.0
-18.373771914506932,88.10450899717719,-1.0
-18.55239655708377,88.06706865786272,-1.0
-18.730944909132354,88.02926617217167,-1.0
-18.909416236432275,87.99110169555415,-1.0
-19.087809805079893,87.95257538494877,-1.0
-19.26612488149129,87.91368739878212,-1.0
-19.44436073240528,87.87443789696806,-1.0
-19.62251662488657,87.83482704090702,-1.0
-19.800591826328574,87.7948549934854,-1.0
-19.978585604456605,87.75452191907492,-1.0
-20.156497227330735,87.71382798353181,-1.0
-20.33432596334892,87.67277335419631,-1.0
-20.512071081249854,87.63135819989185,-1.0
-20.689731850116264,87.5895826909244,-1.0
-20.867307539377578,87.5474469990818,-1.0
-21.04479741881318,87.50495129763296,-1.0
-21.222200758555235,87.46209576132725,-1.0
-21.39951682909187,87.41888056639374,-1.0
-21.576744901270022,87.37530589054047,-1.0
-21.753884246298433,87.33137191295376,-1.0
-21.93093413575084,87.28707881429736,-1.0
-22.10789384156871,87.24242677671185,-1.0
-22.284762636064446,87.1974159838138,-1.0
-22.461539791924277,87.15204662069505,-1.0
-22.63822458221122,87.10631887392194,-1.0
-22.81481628036819,87.06023293153451,-1.0
-22.991314160220828,87.01378898304584,-1.0
-23.167717495980597,86.96698721944111,-1.0
-23.344025562247797,86.91982783317695,-1.0
-23.520237634014414,86.87231101818054,-1.0
-23.696352986667254,86.82443696984892,-1.0
-23.87237089599079,86.77620588504807,-1.0
-24.048290638170215,86.72761796211225,-1.0
-24.224111489794385,86.67867340084302,-1.0
-24.399832727858875,86.62937240250852,-1.0
-24.575453629768795,86.57971516984267,-1.0
-24.75097347334194,86.52970190704417,-1.0
-24.9263915368116,86.47933281977588,-1.0
-25.101707098829692,86.42860811516383,-1.0
-25.276919438469527,86.3775280017964,-1.0
-25.45202783522891,86.3260926897235,-1.0
-25.627031569033186,86.27430239045563,-1.0
-25.801929920237942,86.22215731696308,-1.0
-25.97672216963223,86.16965768367504,-1.0
-26.15140759844132,86.11680370647872,-1.0
-26.325985488329863,86.06359560271838,-1.0
-26.500455121404546,86.0100335911946,-1.0
-26.6748157802174,85.95611789216323,-1.0
-26.849066747768475,85.90184872733458,-1.0
-27.023207307508965,85.84722631987242,-1.0
-27.197236743343975,85.79225089439313,-1.0
-27.37115433963573,85.7369226769648,-1.0
-27.544959381206183,85.6812418951062,-1.0
-27.71865115334022,85.62520877778594,-1.0
-27.89222894178852,85.56882355542147,-1.0
-28.065692032770457,85.5120864598782,-1.0
-28.239039712977025,85.45499772446844,-1.0
-28.412271269573896,85.39755758395052,-1.0
-28.58538599020421,85.33976627452783,-1.0
-28.75838316299149,85.2816240338478,-1.0
-28.931262076542748,85.22313110100097,-1.0
-29.104022019951238,85.16428771651996,-1.0
-29.27666228279948,85.10509412237852,-1.0
-29.449182155162074,85.0455505619905,-1.0
-29.621580927608758,84.98565728020891,-1.0
-29.79385789120722,84.92541452332482,-1.0
-29.966012337526003,84.86482253906644,-1.0
-30.1380435586375,84.80388157659807,-1.0
-30.309950847120874,84.74259188651901,-1.0
-30.481733496064813,84.68095372086265,-1.0
-30.653390799070685,84.6189673330953,-1.0
-30.824922050255164,84.55663297811527,-1.0
-30.996326544253375,84.49395091225179,-1.0
-31.167603576221598,84.43092139326384,-1.0
-31.338752441840295,84.36754468033931,-1.0
-31.50977243731701,84.30382103409369,-1.0
-31.680662859389162,84.23975071656919,-1.0
-31.851423005327046,84.17533399123357,-1.0
-32.02205217293667,84.11057112297908,-1.0
-32.19254966056255,84.04546237812137,-1.0
-32.36291476709083,83.98000802439837,-1.0
-32.53314679195197,83.91420833096922,-1.0
-32.70324503512364,83.8480635684132,-1.0
-32.87320879713375,83.78157400872848,-1.0
-33.04303737906309,83.71473992533119,-1.0
-33.21273008254845,83.6475615930541,-1.0
-33.38228620978527,83.5800392881457,-1.0
-33.55170506353067,83.51217328826888,-1.0
-33.720985947106264,83.44396387249985,-1.0
-33.89012816440103,83.37541132132706,-1.0
-34.059131019874144,83.30651591664993,-1.0
-34.227993818557856,83.23727794177778,-1.0
-34.39671586606038,83.16769768142863,-1.0
-34.56529646856866,83.09777542172807,-1.0
-34.73373493285138,83.027511450208,-1.0
-34.90203056626162,82.9569060558055,-1.0
-35.0701826767399,82.88595952886166,-1.0
-35.23819057281684,82.81467216112034,-1.0
-35.40605356361618,82.74304424572703,-1.0
-35.57377095885749,82.67107607722757,-1.0
-35.741342068859005,82.59876795156698,-1.0
-35.908766204540605,82.52612016608828,-1.0
-36.0760426774265,82.45313301953117,-1.0
-36.24317079964809,82.37980681203092,-1.0
-36.41014988394689,82.30614184511701,-1.0
-36.57697924367725,82.23213842171201,-1.0
-36.74365819280913,82.15779684613025,-1.0
-36.91018604593114,82.08311742407662,-1.0
-37.076562118253115,82.00810046264526,-1.0
-37.24278572560914,81.93274627031835,-1.0
-37.408856184460156,81.85705515696479,-1.0
-37.574772811896956,81.78102743383901,-1.0
-37.74053492564288,81.70466341357958,-1.0
-37.906141844056606,81.62796341020803,-1.0
-38.07159288613508,81.55092773912746,-1.0
-38.23688737151625,81.4735567171213,-1.0
-38.40202462048171,81.39585066235205,-1.0
-38.567003953959805,81.31780989435984,-1.0
-38.731824693528196,81.23943473406126,-1.0
-38.896486161416625,81.16072550374795,-1.0
-39.060987680509946,81.0816825270853,-1.0
-39.225328574350556,81.00230612911115,-1.0
-39.38950816714154,80.92259663623437,-1.0
-39.5535257837492,80.84255437623361,-1.0
-39.717380749705924,80.76217967825589,-1.0
-39.881072391212975,80.68147287281529,-1.0
-40.044600035143176,80.60043429179157,-1.0
-40.20796300904372,80.51906426842882,-1.0
-40.37116064113904,80.43736313733405,-1.0
-40.534192260333434,80.35533123447583,-1.0
-40.697057196213905,80.2729688971829,-1.0
-40.85975477905274,80.19027646414294,-1.0
-41.02228433981068,80.10725427540082,-1.0
-41.18464521013917,80.0239026723576,-1.0
-41.34683672238338,79.94022199776887,-1.0
-41.508858209584965,79.85621259574343,-1.0
-41.67070900548477,79.77187481174182,-1.0
-41.832388444525435,79.68720899257507,-1.0
-41.9938958618544,79.60221548640294,-1.0
-42.15523059332632,79.5168946427329,-1.0
-42.31639197550611,79.43124681241835,-1.0
-42.477379345671444,79.3452723476574,-1.0
-42.63819204181559,79.25897160199123,-1.0
-42.798829402650114,79.17234493030286,-1.0
-42.9592907676076,79.08539268881545,-1.0
-43.11957547684428,78.99811523509108,-1.0
-43.27968287124287,78.91051292802909,-1.0
-43.43961229241525,78.82258612786468,-1.0
-43.59936308270519,78.7343351961674,-1.0
-43.75893458519091,78.64576049583971,-1.0
-43.918326143688006,78.55686239111546,-1.0
-44.0775371027519,78.4676412475584,-1.0
-44.23656680768087,78.37809743206061,-1.0
-44.39541460451838,78.28823131284112,-1.0
-44.55407984005587,78.19804325944433,-1.0
-44.71256186183577,78.10753364273839,-1.0
-44.87086001815364,78.0167028349139,-1.0
-45.0289736580613,77.92555120948212,-1.0
-45.18690213136916,77.83407914127375,-1.0
-45.34464478864936,77.74228700643695,-1.0
-45.50220098123777,77.65017518243629,-1.0
-45.659570061237304,77.55774404805082,-1.0
-45.816751381520234,77.46499398337266,-1.0
-45.973744295730924,77.37192536980547,-1.0
-46.13054815828855,77.27853859006277,-1.0
-46.28716232438957,77.1848340281665,-1.0
-46.44358615001065,77.09081206944533,-1.0
-46.59981899191104,76.99647310053317,-1.0
-46.755860207635486,76.90181750936742,-1.0
-46.91170915551655,76.80684568518762,-1.0
-47.06736519467764,76.71155801853361,-1.0
-47.22282768503534,76.61595490124404,-1.0
-47.37809598730209,76.52003672645479,-1.0
-47.53316946298888,76.42380388859732,-1.0
-47.68804747440793,76.32725678339695,-1.0
-47.84272938467521,76.23039580787139,-1.0
-47.99721455771303,76.13322136032903,-1.0
-48.151502358252785,76.03573384036729,-1.0
-48.305592151837494,75.93793364887101,-1.0
-48.45948330482444,75.83982118801073,-1.0
-48.613175184387565,75.74139686124124,-1.0
-48.76666715852052,75.64266107329962,-1.0
-48.919958596038875,75.54361423020376,-1.0
-49.07304886658277,75.44425673925072,-1.0
-49.225937340619744,75.34458900901497,-1.0
-49.378623389446965,75.24461144934673,-1.0
-49.53110638519419,75.14432447137025,-1.0
-49.68338570082601,75.04372848748227,-1.0
-49.83546071014467,74.94282391135009,-1.0
-49.98733078779255,74.84161115791007,-1.0
-50.138995309254724,74.74009064336578,-1.0
-50.290453650861586,74.6382627851864,-1.0
-50.44170518979129,74.536128002105,-1.0
-50.592749304072505,74.43368671411669,-1.0
-50.743585372586736,74.33093934247704,-1.0
-50.89421277507115,74.22788630970024,-1.0
-51.04463089212082,74.12452803955749,-1.0
-51.19483910519167,74.02086495707503,-1.0
-51.34483679660252,73.9168974885327,-1.0
-51.49462334953807,73.81262606146194,-1.0
-51.64419814805121,73.70805110464408,-1.0
-51.79356057706553,73.60317304810876,-1.0
-51.942710022378044,73.49799232313184,-1.0
-52.091645870661424,73.39250936223398,-1.0
-52.24036750946693,73.28672459917848,-1.0
-52.388874327226446,73.18063846896987,-1.0
-52.537165713255376,73.07425140785189,-1.0
-52.68524105775489,72.9675638533058,-1.0
-52.833099751814714,72.86057624404845,-1.0
-52.98074118741543,72.75328902003058,-1.0
-53.12816475743093,72.6457026224351,-1.0
-53.2753698556311,72.53781749367508,-1.0
-53.4223558766842,72.42963407739201,-1.0
-53.56912221615934,72.32115281845404,-1.0
-53.71566827052897,72.21237416295415,-1.0
-53.861993437171556,72.10329855820807,-1.0
-54.008097114373655,71.99392645275283,-1.0
-54.153978701332825,71.88425829634463,-1.0
-54.29963759815974,71.77429453995711,-1.0
-54.44507320588091,71.66403563577946,-1.0
-54.59028492644108,71.55348203721452,-1.0
-54.7352721627055,71.44263419887704,-1.0
-54.88003431846269,71.3314925765917,-1.0
-55.02457079842667,71.22005762739124,-1.0
-55.16888100823953,71.10832980951463,-1.0
-55.312964354473706,70.9963095824052,-1.0
-55.45682024463468,70.88399740670864,-1.0
-55.60044808716312,70.77139374427128,-1.0
-55.743847291437596,70.65849905813798,-1.0
-55.88701726777684,70.5453138125504,-1.0
-56.02995742744209,70.43183847294509,-1.0
-56.17266718263988,70.31807350595132,-1.0
-56.315145946523955,70.20401937938958,-1.0
-56.45739313319803,70.08967656226932,-1.0
-56.59940815771812,69.97504552478713,-1.0
-56.741190436094975,69.86012673832481,-1.0
-56.88273938529628,69.74492067544749,-1.0
-57.024054423249325,69.6294278099016,-1.0
-57.165134968843354,69.51364861661285,-1.0
-57.305980441931716,69.39758357168454,-1.0
-57.446590263334514,69.28123315239533,-1.0
-57.58696385484078,69.16459783719748,-1.0
-57.72710063921119,69.04767810571462,-1.0
-57.86700004017998,68.93047443874016,-1.0
-58.00666148245768,68.81298731823492,-1.0
-58.146084391733226,68.69521722732549,-1.0
-58.28526819467666,68.57716465030187,-1.0
-58.42421231894098,68.45883007261594,-1.0
-58.56291619316495,68.34021398087906,-1.0
-58.701379246975364,68.22131686286018,-1.0
-58.83960091098909,68.10213920748402,-1.0
-58.977580616815835,67.98268150482878,-1.0
-59.115317797060115,67.8629442461244,-1.0
-59.25281188532388,67.74292792375024,-1.0
-59.39006231620862,67.62263303123339,-1.0
-59.52706852531786,67.5020600632463,-1.0
-59.663829949259295,67.38120951560508,-1.0
-59.80034602564738,67.26008188526713,-1.0
-59.93661619310539,67.13867767032932,-1.0
-60.07263989126776,67.01699737002596,-1.0
-60.20841656078257,66.89504148472653,-1.0
-60.3439456433136,66.77281051593391,-1.0
-60.479226581542875,66.65030496628202,-1.0
-60.61425881917268,66.52752533953405,-1.0
-60.749041800928154,66.40447214058014,-1.0
-60.88357497255931,66.28114587543541,-1.0
-61.01785778084351,66.1575470512379,-1.0
-61.151889673587526,66.03367617624646,-1.0
-61.285670099630046,65.90953375983865,-1.0
-61.41919850884382,65.78512031250864,-1.0
-61.55247435213785,65.66043634586516,-1.0
-61.68549708145983,65.53548237262935,-1.0
-61.81826614979827,65.41025890663256,-1.0
-61.95078101118474,65.28476646281453,-1.0
-62.083041120696144,65.15900555722095,-1.0
-62.21504593445702,65.03297670700154,-1.0
-62.34679490964176,64.90668043040769,-1.0
-62.47828750447669,64.78011724679071,-1.0
-62.60952317824252,64.65328767659935,-1.0
-62.74050139127637,64.52619224137783,-1.0
-62.871221604974174,64.3988314637636,-1.0
-63.00168328179271,64.27120586748534,-1.0
-63.13188588525197,64.1433159773606,-1.0
-63.261828879937276,64.01516231929381,-1.0
-63.391511731501545,63.88674542027401,-1.0
-63.52093390666734,63.75806580837283,-1.0
-63.65009487322926,63.6291240127421,-1.0
-63.77899410005606,63.499920563611845,-1.0
-63.907631057092686,63.37045599228809,-1.0
-64.03600521536274,63.240730831150564,-1.0
-64.16411604697029,63.110745613650685,-1.0
-64.29196302510252,62.9805008743091,-1.0
-64.41954562403141,62.84999714871382,-1.0
-64.54686331911616,62.7192349735178,-1.0
-64.67391558680532,62.58821488643673,-1.0
-64.80070190463891,62.456937426246945,-1.0
-64.92722175125066,62.32540313278306,-1.0
-65.05347460636989,62.19361254693594,-1.0
-65.17945995082401,62.061566210650284,-1.0
-65.30517726654041,61.92926466692247,-1.0
-65.43062603654866,61.79670845979841,-1.0
-65.55580574498256,61.66389813437122,-1.0
-65.68071587708253,61.530834236778865,-1.0
-65.80535591919732,61.39751731420222,-1.0
-65.92972535878647,61.26394791486252,-1.0
-66.05382368442223,61.13012658801927,-1.0
-66.17765038579175,60.99605388396792,-1.0
-66.3012049536991,60.86173035403764,-1.0
-66.42448688006739,60.727156550589086,-1.0
-66.54749565794096,60.592333027012,-1.0
-66.6702307814873,60.45726033772306,-1.0
-66.79269174599932,60.32193903816351,-1.0
-66.91487804789716,60.18636968479699,-1.0
-67.03678918473058,60.050552835107105,-1.0
-67.15842465518071,59.91448904759528,-1.0
-67.27978395906239,59.77817888177835,-1.0
-67.40086659732604,59.641622898186284,-1.0
-67.52167207205981,59.50482165835991,-1.0
-67.6421998864916,59.36777572484854,-1.0
-67.76244954499101,59.23048566120783,-1.0
-67.88242055307154,59.09295203199727,-1.0
-68.00211241739254,58.9551754027779,-1.0
-68.12152464576124,58.81715634011002,-1.0
-68.24065674713475,58.67889541155093,-1.0
-68.35950823162212,58.5403931856525,-1.0
-68.4780786104864,58.40165023195871,-1.0
-68.59636739614658,58.26266712100365,-1.0
-68.71437410217946,58.12344442430892,-1.0
-68.832098243322,57.98398271438129,-1.0
-68.94953933547302,57.84428256471038,-1.0
-69.06669689569527,57.70434454976642,-1.0
-69.18357044221746,57.56416924499767,-1.0
-69.3001594944362,57.4237572268282,-1.0
-69.41646357291802,57.28310907265548,-1.0
-69.53248219940127,57.142225360848045,-1.0
-69.64821489679807,57.00110667074311,-1.0
-69.7636611891965,56.859753582644,-1.0
-69.87882060186222,56.71816667781812,-1.0
-69.99369266124067,56.5763465384942,-1.0
-70.10827689495888,56.43429374786023,-1.0
-70.22257283182752,56.29200889006075,-1.0
-70.33658000184275,56.149492550194736,-1.0
-70.45029793618818,56.00674531431299,-1.0
-70.5637261672369,55.86376776941569,-1.0
-70.67686422855316,55.72056050345029,-1.0
-70.78971165489453,55.57712410530873,-1.0
-70.9022679822137,55.433459164825294,-1.0
-71.01453274766043,55.28956627277397,-1.0
-71.12650548958334,55.14544602086624,-1.0
-71.23818574753203,55.00109900174836,-1.0
-71.3495730622587,54.85652580899931,-1.0
-71.46066697572036,54.71172703712788,-1.0
-71.57146703108035,54.56670328157071,-1.0
-71.68197277271054,54.421455138689424,-1.0
-71.79218374619296,54.27598320576852,-1.0
-71.90209949832186,54.13028808101267,-1.0
-72.01171957710548,53.984370363544315,-1.0
-72.12104353176785,53.83823065340137,-1.0
-72.23007091275078,53.69186955153447,-1.0
-72.33880127171562,53.545287659804714,-1.0
-72.44723416154513,53.398485580981124,-1.0
-72.55536913634522,53.251463918738274,-1.0
-72.66320575144705,53.10422327765346,-1.0
-72.7707435634086,52.956764263204626,-1.0
-72.8779821300165,52.80908748176771,-1.0
-72.98492101028805,52.66119354061407,-1.0
-73.09155976447288,52.513083047908076,-1.0
-73.1978979540547,52.36475661270465,-1.0
-73.30393514175327,52.21621484494668,-1.0
-73.40967089152613,52.06745835546249,-1.0
-73.51510476857035,51.918487755963426,-1.0
-73.62023633932436,51.76930365904127,-1.0
-73.72506517146975,51.619906678165705,-1.0
-73.82959083393297,51.47029742768194,-1.0
-73.93381289688718,51.32047652280793,-1.0
-74.03773093175397,51.17044457963211,-1.0
-74.14134451120519,51.02020221511068,-1.0
-74.24465320916462,50.86975004706512,-1.0
-74.34765660080983,50.71908869417962,-1.0
-74.45035426257375,50.56821877599868,-1.0
-74.5527457721466,50.41714091292444,-1.0
-74.6548307084775,50.265855726214035,-1.0
-74.75660865177632,50.114363837977244,-1.0
-74.8580791835153,49.96266587117377,-1.0
-74.95924188643075,49.810762449610884,-1.0
-75.06009634452495,49.65865419794048,-1.0
-75.16064214306762,49.50634174165697,-1.0
-75.26087886859776,49.35382570709443,-1.0
-75.36080610892536,49.20110672142403,-1.0
-75.4604234531331,49.04818541265151,-1.0
-75.55973049157788,48.8950624096147,-1.0
-75.65872681589273,48.741738341980714,-1.0
-75.7574120189884,48.58821384024352,-1.0
-75.85578569505498,48.43448953572126,-1.0
-75.95384743956359,48.2805660605538,-1.0
-76.05159684926805,48.126444047700026,-1.0
-76.1490335222067,47.97212413093506,-1.0
-76.2461570577037,47.81760694484804,-1.0
-76.34296705637105,47.6628931248392,-1.0
-76.43946312010995,47.507983307117456,-1.0
-76.53564485211261,47.352878128697604,-1.0
-76.63151185686385,47.197578227397806,-1.0
-76.72706374014261,47.04208424183705,-1.0
-76.82230010902373,46.88639681143233,-1.0
-76.9172205718795,46.73051657639616,-1.0
-77.01182473838126,46.57444417773385,-1.0
-77.10611221950099,46.41818025724103,-1.0
-77.20008262751294,46.261725457500766,-1.0
-77.29373557599523,46.105080421881176,-1.0
-77.38707067983141,45.94824579453254,-1.0
-77.48008755521205,45.79122222038492,-1.0
-77.57278581963641,45.634010345145164,-1.0
-77.66516509191385,45.47661081529456,-1.0
-77.75722499216548,45.31902427808608,-1.0
-77.84896514182573,45.16125138154171,-1.0
-77.94038516364391,45.00329277444969,-1.0
-78.03148468168578,44.84514910636197,-1.0
-78.12226332133498,44.68682102759157,-1.0
-78.21272070929471,44.52830918920974,-1.0
-78.30285647358924,44.36961424304343,-1.0
-78.39267024356538,44.21073684167252,-1.0
-78.48216164989397,44.05167763842726,-1.0
-78.57133032457156,43.89243728738542,-1.0
-78.6601759009218,43.73301644336967,-1.0
-78.74869801359692,43.57341576194499,-1.0
-78.83689629857938,43.41363589941578,-1.0
-78.92477039318315,43.25367751282335,-1.0
-79.01231993605546,43.09354125994304,-1.0
-79.09954456717804,42.933227799281696,-1.0
-79.18644392786877,42.77273779007484,-1.0
-79.27301766078311,42.61207189228388,-1.0
-79.3592654099155,42.451230766593696,-1.0
-79.44518682060091,42.29021507440959,-1.0
-79.53078153951625,42.129025477854825,-1.0
-79.6160492146819,41.96766263976765,-1.0
-79.700989495463,41.80612722369887,-1.0
-79.78560203257109,41.64441989390881,-1.0
-79.86988647806534,41.48254131536489,-1.0
-79.9538424853542,41.320492153738556,-1.0
-80.03746970919667,41.158273075402796,-1.0
-80.1207678057037,40.99588474742941,-1.0
-80.20373643233975,40.83332783758603,-1.0
-80.28637524792406,40.67060301433368,-1.0
-80.36868391263215,40.50771094682372,-1.0
-80.45066208799712,40.34465230489542,-1.0
-80.53230943691119,40.18142775907279,-1.0
-80.6136256236269,40.01803798056227,-1.0
-80.69461031375863,39.85448364124971,-1.0
-80.77526317428386,39.690765413697704,-1.0
-80.85558387354473,39.52688397114264,-1.0
-80.93557208124923,39.362839987492144,-1.0
-81.01522746847255,39.19863413732233,-1.0
-81.09454970765854,39.03426709587483,-1.0
-81.17353847262108,38.869739539054116,-1.0
-81.2521934385452,38.70505214342477,-1.0
-81.33051428198867,38.54020558620875,-1.0
-81.40850068088325,38.37520054528225,-1.0
-81.4861523145359,38.21003769917345,-1.0
-81.56346886363025,38.044717727059286,-1.0
-81.64045001022787,37.87924130876285,-1.0
-81.71709543776947,37.713609124750654,-1.0
-81.79340483107643,37.54782185612961,-1.0
-81.8693778763518,37.38188018464451,-1.0
-81.9450142611819,37.21578479267495,-1.0
-82.02031367453735,37.04953636323271,-1.0
-82.0952758067745,36.88313557995883,-1.0
-82.16990034963663,36.716583127120984,-1.0
-82.24418699625527,36.54987968961041,-1.0
-82.31813544115144,36.383025952939214,-1.0
-82.39174538023684,36.21602260323768,-1.0
-82.46501651081523,36.048870327251194,-1.0
-82.53794853158355,35.8815698123377,-1.0
-82.61054114263332,35.71412174646449,-1.0
-82.68279404545164,35.54652681820583,-1.0
-82.75470694292261,35.37878571673986,-1.0
-82.82627953932848,35.21089913184575,-1.0
-82.8975115403509,35.042867753900914,-1.0
-82.96840265307206,34.874692273878274,-1.0
-83.03895258597595,34.70637338334329,-1.0
-83.10916104894959,34.537911774451,-1.0
-83.17902775328413,34.36930813994353,-1.0
-83.24855241167612,34.200563173146946,-1.0
-83.3177347382286,34.03167756796859,-1.0
-83.38657444845244,33.86265201889391,-1.0
-83.4550712592673,33.69348722098407,-1.0
-83.52322488900299,33.524183869872665,-1.0
-83.59103505740046,33.35474266176321,-1.0
-83.65850148561307,33.18516429342598,-1.0
-83.72562389620772,33.01544946219528,-1.0
-83.79240201316587,32.84559886596673,-1.0
-83.85883556188492,32.67561320319397,-1.0
-83.92492426917906,32.50549317288632,-1.0
-83.9906678632806,32.33523947460545,-1.0
-84.05606607384097,32.164852808462854,-1.0
-84.1211186319319,31.99433387511666,-1.0
-84.18582527004651,31.82368337576904,-1.0
-84.25018572210035,31.652902012163075,-1.0
-84.31419972343261,31.48199048658004,-1.0
-84.3778670108071,31.310949501836443,-1.0
-84.4411873224134,31.139779761281105,-1.0
-84.50416039786785,30.96848196879243,-1.0
-84.56678597821481,30.797056828775254,-1.0
-84.62906380592743,30.62550504615822,-1.0
-84.69099362490904,30.453827326390613,-1.0
-84.75257518049392,30.28202437543973,-1.0
-84.8138082194485,30.11009689978776,-1.0
-84.87469248997245,29.938045606428865,-1.0
-84.9352277416995,29.765871202866542,-1.0
-84.99541372569867,29.59357439711049,-1.0
-85.05525019447524,29.421155897673692,-1.0
-85.11473690197174,29.248616413569547,-1.0
-85.17387360356895,29.07595665430906,-1.0
-85.23266005608698,28.90317732989774,-1.0
-85.2910960177862,28.730279150832757,-1.0
-85.34918124836824,28.557262828100097,-1.0
-85.406915508977,28.384129073171582,-1.0
-85.46429856219963,28.210878598001905,-1.0
-85.52133017206756,28.0375121150256,-1.0
-85.57801010405731,27.86403033715448,-1.0
-85.63433812509165,27.69043397777429,-1.0
-85.69031400354037,27.51672375074209,-1.0
-85.74593750922143,27.342900370383035,-1.0
-85.80120841340175,27.16896455148774,-1.0
-85.8561264887982,26.99491700930907,-1.0
-85.91069150957857,26.820758459559357,-1.0
-85.96490325136246,26.646489618407404,-1.0
-86.0187614912222,26.47211120247553,-1.0
-86.07226600768377,26.297623928836735,-1.0
-86.12541658072774,26.123028515011526,-1.0
-86.17821299179018,25.948325678965244,-1.0
-86.23065502376346,25.77351613910482,-1.0
-86.28274246099727,25.598600614276155,-1.0
-86.33447508929945,25.42357982376072,-1.0
-86.38585269593685,25.24845448727307,-1.0
-86.43687506963623,25.073225324957683,-1.0
-86.48754200058517,24.897893057385748,-1.0
-86.53785328043281,24.722458405552715,-1.0
-86.58780870229087,24.546922090874858,-1.0
-86.63740806073437,24.371284835186664,-1.0
-86.68665115180252,24.19554736073759,-1.0
-86.73553777299958,24.019710390189196,-1.0
-86.78406772329566,23.843774646612285,-1.0
-86.83224080312756,23.667740853483863,-1.0
-86.88005681439962,23.491609734683884,-1.0
-86.92751556048445,23.31538201449282,-1.0
-86.97461684622382,23.139058417588195,-1.0
-87.02136047792946,22.962639669041863,-1.0
-87.06774626338382,22.78612649431691,-1.0
-87.11377401184086,22.609519619264784,-1.0
-87.15944353402683,22.43281977012226,-1.0
-87.20475464214111,22.25602767350835,-1.0
-87.24970714985689,22.07914405642144,-1.0
-87.29430087232205,21.90216964623624,-1.0
-87.3385356261598,21.72510517070091,-1.0
-87.3824112294695,21.54795135793388,-1.0
-87.42592750182739,21.370708936420932,-1.0
-87.46908426428735,21.193378635012348,-1.0
-87.51188133938165,21.015961182919664,-1.0
-87.5543185511216,20.838457309712837,-1.0
-87.59639572499837,20.660867745317166,-1.0
-87.63811268798365,20.483193220010396,-1.0
-87.67946926853035,20.30543446441965,-1.0
-87.7204652965734,20.127592209518347,-1.0
-87.7611006035303,19.949667186623298,-1.0
-87.80137502230197,19.771660127391637,-1.0
-87.8412883872733,19.593571763817998,-1.0
-87.88084053431395,19.415402828231077,-1.0
-87.92003130077892,19.23715405329114,-1.0
-87.95886052550928,19.058826171986716,-1.0
-87.99732804883284,18.880419917631556,-1.0
-88.03543371256475,18.7019360238617,-1.0
-88.07317736000824,18.523375224632563,-1.0
-88.11055883595515,18.344738254215734,-1.0
-88.14757798668668,18.16602584719588,-1.0
-88.18423465997394,17.987238738468214,-1.0
-88.2205287050786,17.808377663234836,-1.0
-88.25645997275355,17.62944335700223,-1.0
-88.29202831524347,17.45043655557776,-1.0
-88.32723358628543,17.271357995067163,-1.0
-88.36207564110954,17.092208411871066,-1.0
-88.39655433643948,16.91298854268232,-1.0
-88.43066953049315,16.733699124482634,-1.0
-88.46442108298321,16.554340894539887,-1.0
-88.4978088551177,16.374914590404824,-1.0
-88.53083270960056,16.195420949908023,-1.0
-88.56349251063223,16.01586071115719,-1.0
-88.59578812391021,15.836234612533685,-1.0
-88.62771941662957,15.656543392689878,-1.0
-88.65928625748356,15.476787790545746,-1.0
-88.69048851666409,15.296968545286186,-1.0
-88.7213260658623,15.11708639635765,-1.0
-88.75179877826908,14.937142083465451,-1.0
-88.78190652857559,14.7571363465703,-1.0
-88.81164919297379,14.577069925885604,-1.0
-88.84102664915689,14.396943561874403,-1.0
-88.87003877631993,14.216757995246061,-1.0
-88.89868545516023,14.036513966953565,-1.0
-88.92696656787793,13.856212218190139,-1.0
-88.95488199817638,13.675853490386524,-1.0
-88.98243163126271,13.495438525207652,-1.0
-89.00961535384828,13.314968064549703,-1.0
-89.03643305414909,13.134442850537155,-1.0
-89.06288462188634,12.953863625519679,-1.0
-89.08896994828679,12.773231132068837,-1.0
-89.11468892608328,12.592546112975375,-1.0
-89.14004144951507,12.411809311246104,-1.0
-89.1650274143284,12.231021470100654,-1.0
-89.18964671777687,12.050183332968539,-1.0
-89.21389925862181,11.869295643486183,-1.0
-89.23778493713273,11.688359145493768,-1.0
-89.26130365508777,11.507374583032115,-1.0
-89.2844553157741,11.326342700339724,-1.0
-89.30723982398821,11.14526424184969,-1.0
-89.32965708603648,10.964139952186596,-1.0
-89.35170700973535,10.782970576163606,-1.0
-89.37338950441193,10.601756858779131,-1.0
-89.3947044809042,10.420499545214076,-1.0
-89.41565185156144,10.239199380828508,-1.0
-89.43623153024458,10.057857111158734,-1.0
-89.45644343232658,9.876473481914175,-1.0
-89.47628747469277,9.695049238974402,-1.0
-89.49576357574112,9.51358512838604,-1.0
-89.51487165538272,9.332081896359414,-1.0
-89.53361163504195,9.150540289266006,-1.0
-89.55198343765693,8.9689610536349,-1.0
-89.56998698767974,8.787344936150113,-1.0
-89.58762221107682,8.605692683647051,-1.0
-89.6048890353292,8.424005043109954,-1.0
-89.62178738943282,8.242282761668536,-1.0
-89.6383172038989,8.060526586594886,-1.0
-89.65447841075405,7.878737265300507,-1.0
-89.67027094354074,7.696915545333166,-1.0
-89.68569473731746,7.51506217437398,-1.0
-89.700749728659,7.333177900234097,-1.0
-89.71543585565676,7.151263470851746,-1.0
-89.72975305791893,6.969319634289237,-1.0
-89.7437012765708,6.787347138729851,-1.0
-89.75728045425501,6.6053467324744775,-1.0
-89.77049053513171,6.423319163939057,-1.0
-89.78333146487888,6.241265181651031,-1.0
-89.79580319069247,6.059185534246615,-1.0
-89.8079056612867,5.8770809704674445,-1.0
-89.81963882689416,5.694952239157614,-1.0
-89.83100263926617,5.512800089260724,-1.0
-89.84199705167285,5.330625269816548,-1.0
-89.85262201890335,5.148428529958127,-1.0
-89.86287749726601,4.9662106189086,-1.0
-89.87276344458866,4.783972285978286,-1.0
-89.88227982021861,4.601714280561322,-1.0
-89.89142658502296,4.4194373521329,-1.0
-89.90020370138869,4.23714225024591,-1.0
-89.90861113322285,4.05482972452801,-1.0
-89.91664884595268,3.8725005246785105,-1.0
-89.9243168065258,3.690155400465249,-1.0
-89.93161498341024,3.5077951017216247,-1.0
-89.93854334659473,3.325420378343438,-1.0
-89.94510186758866,3.143031980285727,-1.0
-89.95129051942233,2.9606306575597605,-1.0
-89.95710927664696,2.778217160230076,-1.0
-89.96255811533487,2.595792238411196,-1.0
-89.96763701307952,2.4133566422644614,-1.0
-89.97234594899567,2.230911121995468,-1.0
-89.97668490371935,2.048456427850341,-1.0
-89.9806538594081,1.8659933101130113,-1.0
-89.9842527997409,1.683522519102007,-1.0
-89.9874817099183,1.5010448051675314,-1.0
-89.99034057666249,1.3185609186880962,-1.0
-89.99282938821736,1.1360716100677544,-1.0
-89.99494813434849,0.9535776297326967,-1.0
-89.99669680634322,0.7710797281284842,-1.0
-89.99807539701077,0.5885786557167234,-1.0
-89.99908390068211,0.40607516297193935,-1.0
-89.99972231321011,0.2235700003788498,-1.0
-89.99999063196952,0.041063918428839365,-1.0
-89.99988885585698,-0.1414423323827668,-1.0
-89.999416985291,-0.32394800156010917,-1.0
-89.99857502221197,-0.50645233860956,-1.0
-89.99736297008221,-0.6889545930431293,-1.0
-89.99578083388586,-0.8714540143811917,-1.0
-89.99382862012895,-1.0539498521560113,-1.0
-89.99150633683928,-1.2364413559144687,-1.0
-89.98881399356648,-1.4189277752211868,-1.0
-89.9857516013819,-1.6014083596618567,-1.0
-89.9823191728786,-1.783882358846003,-1.0
-89.97851672217132,-1.9663490224103901,-1.0
-89.97434426489636,-2.1488076000217484,-1.0
-89.96980181821155,-2.3312573413803372,-1.0
-89.96488940079615,-2.5136974962225147,-1.0
-89.95960703285088,-2.696127314324098,-1.0
-89.95395473609771,-2.878546045503492,-1.0
-89.94793253377979,-3.060952939624652,-1.0
-89.94154045066146,-3.2433472466002504,-1.0
-89.93477851302796,-3.425728216394598,-1.0
-89.92764674868556,-3.6080950990269733,-1.0
-89.92014518696124,-3.79044714457458,-1.0
-89.91227385870263,-3.9727836031755572,-1.0
-89.90403279627796,-4.155103725032099,-1.0
-89.89542203357587,-4.33740676041378,-1.0
-89.88644160600519,-4.519691959660313,-1.0
-89.87709155049498,-4.701958573184682,-1.0
-89.86737190549417,-4.884205851476455,-1.0
-89.85728271097159,-5.06643304510455,-1.0
-89.84682400841564,-5.248639404720638,-1.0
-89.83599584083427,-5.4308241810619,-1.0
-89.82479825275469,-5.612986624954394,-1.0
-89.81323129022324,-5.795125987315972,-1.0
-89.80129500080518,-5.977241519159438,-1.0
-89.7889894335845,-6.159332471595476,-1.0
-89.77631463916376,-6.341398095835962,-1.0
-89.76327066966378,-6.5234376431969245,-1.0
-89.74985757872355,-6.705450365101508,-1.0
-89.7360754214999,-6.887435513083323,-1.0
-89.72192425466737,-7.069392338789174,-1.0
-89.70740413641788,-7.2513200939826055,-1.0
-89.69251512646058,-7.433218030546471,-1.0
-89.67725728602153,-7.615085400486278,-1.0
-89.66163067784349,-7.796921455933311,-1.0
-89.6456353661857,-7.978725449147585,-1.0
-89.6292714168235,-8.160496632521,-1.0
-89.61253889704817,-8.342234258580216,-1.0
-89.59543787566659,-8.523937579990166,-1.0
-89.57796842300101,-8.705605849556608,-1.0
-89.5601306108887,-8.887238320229521,-1.0
-89.54192451268172,-9.068834245106016,-1.0
-89.52335020324655,-9.250392877433761,-1.0
-89.50440775896382,-9.431913470613342,-1.0
-89.485097257728,-9.613395278202168,-1.0
-89.4654187789471,-9.794837553916938,-1.0
-89.44537240354222,-9.976239551636997,-1.0
-89.42495821394745,-10.157600525407195,-1.0
-89.40417629410928,-10.338919729441201,-1.0
-89.3830267294864,-10.520196418124492,-1.0
-89.36150960704936,-10.701429846017087,-1.0
-89.33962501528009,-10.882619267857345,-1.0
-89.31737304417169,-11.063763938564112,-1.0
-89.29475378522794,-11.244863113240685,-1.0
-89.27176733146298,-11.425916047177099,-1.0
-89.24841377740091,-11.606921995853849,-1.0
-89.22469321907542,-11.787880214944408,-1.0
-89.20060575402937,-11.968789960318524,-1.0
-89.1761514813144,-12.149650488045548,-1.0
-89.15133050149058,-12.330461054396787,-1.0
-89.12614291662582,-12.511220915849439,-1.0
-89.1005888302957,-12.691929329088843,-1.0
-89.0746683475828,-12.87258555101227,-1.0
-89.04838157507649,-13.0531888387312,-1.0
-89.02172862087232,-13.23373844957504,-1.0
-88.99470959457163,-13.414233641094032,-1.0
-88.96732460728117,-13.59467367106181,-1.0
-88.93957377161252,-13.775057797479276,-1.0
-88.91145720168173,-13.955385278576856,-1.0
-88.88297501310875,-14.13565537281827,-1.0
-88.85412732301711,-14.31586733890283,-1.0
-88.82491425003327,-14.496020435769154,-1.0
-88.79533591428621,-14.6761139225979,-1.0
-88.76539243740699,-14.856147058814694,-1.0
-88.7350839425281,-15.036119104093652,-1.0
-88.70441055428316,-15.216029318359633,-1.0
-88.67337239880612,-15.395876961792341,-1.0
-88.6419696037311,-15.57566129482828,-1.0
-88.61020229819158,-15.75538157816448,-1.0
-88.57807061281997,-15.935037072761405,-1.0
-88.54557467974708,-16.114627039845896,-1.0
-88.51271463260159,-16.294150740914297,-1.0
-88.47949060650943,-16.473607437735364,-1.0
-88.44590273809334,-16.65299639235335,-1.0
-88.41195116547216,-16.832316867091315,-1.0
-88.3776360282604,-17.01156812455364,-1.0
-88.34295746756759,-17.190749427629495,-1.0
-88.30791562599771,-17.369860039495677,-1.0
-88.27251064764863,-17.548899223619713,-1.0
-88.23674267811145,-17.727866243762783,-1.0
-88.20061186447006,-17.906760363982762,-1.0
-88.16411835530026,-18.085580848637598,-1.0
-88.12726230066949,-18.264326962387585,-1.0
-88.0900438521359,-18.44299797019926,-1.0
-88.05246316274793,-18.62159313734779,-1.0
-88.01452038704359,-18.800111729420298,-1.0
-87.97621568104988,-18.978553012318763,-1.0
-87.9375492022821,-19.15691625226287,-1.0
-87.8985211097432,-19.335200715793736,-1.0
-87.85913156392317,-19.51340566977584,-1.0
-87.81938072679831,-19.69153038140112,-1.0
-87.77926876183074,-19.869574118191018,-1.0
-87.73879583396743,-20.047536148000347,-1.0
-87.69796210963976,-20.225415739019798,-1.0
-87.65676775676282,-20.403212159778825,-1.0
-87.61521294473457,-20.58092467914929,-1.0
-87.57329784443532,-20.75855256634771,-1.0
-87.53102262822685,-20.936095090938984,-1.0
-87.48838746995192,-21.1135515228386,-1.0
-87.44539254493331,-21.290921132316505,-1.0
-87.40203802997331,-21.468203189999404,-1.0
-87.35832410335286,-21.645396966874028,-1.0
-87.31425094483085,-21.822501734290363,-1.0
-87.26981873564344,-21.99951676396411,-1.0
-87.22502765850318,-22.176441327980335,-1.0
-87.17987789759849,-22.35327469879569,-1.0
-87.13436963859257,-22.53001614924224,-1.0
-87.08850306862298,-22.7066649525298,-1.0
-87.04227837630066,-22.883220382249167,-1.0
-86.99569575170916,-23.059681712375216,-1.0
-86.948755386404,-23.236048217269683,-1.0
-86.90145747341167,-23.412319171684427,-1.0
-86.85380220722908,-23.588493850763935,-1.0
-86.80578978382259,-23.764571530048734,-1.0
-86.7574204006272,-23.940551485478274,-1.0
-86.70869425654584,-24.11643299339383,-1.0
-86.65961155194849,-24.29221533054153,-1.0
-86.61017248867137,-24.46789777407522,-1.0
-86.56037727001608,-24.643479601559612,-1.0
-86.5102261007488,-24.81896009097322,-1.0
-86.4597191870995,-24.994338520711015,-1.0
-86.40885673676094,-25.16961416958798,-1.0
-86.35763895888793,-25.344786316841585,-1.0
-86.30606606409647,-25.51985424213497,-1.0
-86.25413826446287,-25.694817225559746,-1.0
-86.20185577352282,-25.869674547639175,-1.0
-86.14921880627057,-26.044425489331058,-1.0
-86.0962275791581,-26.219069332030386,-1.0
-86.04288231009407,-26.393605357572923,-1.0
-85.98918321844309,-26.568032848237472,-1.0
-85.9351305250247,-26.742351086749444,-1.0
-85.88072445211253,-26.916559356283255,-1.0
-85.8259652234334,-27.090656940465667,-1.0
-85.77085306416627,-27.264643123378647,-1.0
-85.71538820094155,-27.438517189562003,-1.0
-85.65957086183987,-27.612278424017,-1.0
-85.60340127639144,-27.78592611220841,-1.0
-85.54687967557484,-27.959459540068377,-1.0
-85.49000629181631,-28.132877993998537,-1.0
-85.43278135898858,-28.306180760873666,-1.0
-85.37520511241009,-28.47936712804389,-1.0
-85.31727778884391,-28.65243638333821,-1.0
-85.25899962649672,-28.825387815067323,-1.0
-85.20037086501809,-28.998220712026068,-1.0
-85.1413917454991,-29.170934363497125,-1.0
-85.08206251047173,-29.3435280592532,-1.0
-85.02238340390757,-29.516001089560604,-1.0
-84.96235467121704,-29.68835274518147,-1.0
-84.90197655924821,-29.860582317377318,-1.0
-84.84124931628587,-30.032689097911657,-1.0
-84.78017319205054,-30.204672379052766,-1.0
-84.71874843769733,-30.37653145357706,-1.0
-84.65697530581504,-30.5482656147714,-1.0
-84.59485405042494,-30.71987415643665,-1.0
-84.53238492698001,-30.891356372889867,-1.0
-84.46956819236361,-31.062711558967848,-1.0
-84.40640410488854,-31.233939010029708,-1.0
-84.34289292429602,-31.405038021959736,-1.0
-84.27903491175452,-31.576007891170512,-1.0
-84.2148303298588,-31.74684791460554,-1.0
-84.15027944262872,-31.917557389742377,-1.0
-84.0853825155082,-32.08813561459542,-1.0
-84.0201398153642,-32.25858188771867,-1.0
-83.95455161048548,-32.42889550820886,-1.0
-83.88861817058164,-32.599075775708144,-1.0
-83.82233976678184,-32.76912199040713,-1.0
-83.7557166716339,-32.93903345304756,-1.0
-83.68874915910307,-33.10880946492528,-1.0
-83.62143750457076,-33.278449327893384,-1.0
-83.55378198483373,-33.44795234436443,-1.0
-83.48578287810264,-33.61731781731409,-1.0
-83.4174404640011,-33.78654505028343,-1.0
-83.34875502356442,-33.955633347382076,-1.0
-83.2797268392385,-34.12458201329089,-1.0
-83.21035619487876,-34.293390353264904,-1.0
-83.14064337574865,-34.46205767313644,-1.0
-83.07058866851895,-34.63058327931732,-1.0
-83.00019236126612,-34.798966478802505,-1.0
-82.92945474347154,-34.96720657917224,-1.0
-82.85837610601992,-35.135302888595504,-1.0
-82.78695674119842,-35.303254715832395,-1.0
-82.71519694269536,-35.47106137023701,-1.0
-82.64309700559885,-35.63872216176079,-1.0
-82.57065722639582,-35.806236400954624,-1.0
-82.49787790297059,-35.973603398972394,-1.0
-82.42475933460386,-36.14082246757305,-1.0
-82.35130182197125,-36.30789291912428,-1.0
-82.27750566714224,-36.47481406660461,-1.0
-82.20337117357886,-36.641585223606576,-1.0
-82.12889864613439,-36.808205704339684,-1.0
-82.05408839105225,-36.974674823632775,-1.0
-81.97894071596454,-37.14099189693743,-1.0
-81.90345592989102,-37.30715624033007,-1.0
-81.82763434323758,-37.47316717051557,-1.0
-81.75147626779516,-37.63902400482941,-1.0
-81.67498201673841,-37.80472606124077,-1.0
-81.59815190462436,-37.97027265835538,-1.0
-81.52098624739114,-38.13566311541817,-1.0
-81.44348536235667,-38.30089675231632,-1.0
-81.36564956821752,-38.46597288958156,-1.0
-81.28747918504733,-38.63089084839354,-1.0
-81.20897453429566,-38.795649950582344,-1.0
-81.13013593878665,-38.960249518631144,-1.0
-81.05096372271765,-39.12468887567935,-1.0
-80.97145821165797,-39.28896734552498,-1.0
-80.8916197325474,-39.453084252627804,-1.0
-80.81144861369498,-39.61703892211199,-1.0
-80.73094518477771,-39.78083067976857,-1.0
-80.65010977683896,-39.944458852058865,-1.0
-80.56894272228735,-40.10792276611668,-1.0
-80.48744435489522,-40.271221749751355,-1.0
-80.40561500979739,-40.43435513145034,-1.0
-80.32345502348969,-40.597322240382184,-1.0
-80.24096473382754,-40.760122406399205,-1.0
-80.15814448002476,-40.922754960039974,-1.0
-80.07499460265188,-41.08521923253265,-1.0
-79.99151544363507,-41.24751455579711,-1.0
-79.90770734625433,-41.40964026244822,-1.0
-79.82357065514252,-41.571595685798115,-1.0
-79.73910571628366,-41.7333801598593,-1.0
-79.65431287701152,-41.89499301934729,-1.0
-79.56919248600838,-42.05643359968304,-1.0
-79.48374489330331,-42.21770123699632,-1.0
-79.39797045027103,-42.37879526812775,-1.0
-79.3118695096302,-42.539715030632166,-1.0
-79.22544242544222,-42.70045986278063,-1.0
-79.13868955310951,-42.86102910356393,-1.0
-79.0516112493743,-43.021422092694685,-1.0
-78.96420787231702,-43.18163817061028,-1.0
-78.87647978135475,-43.34167667847582,-1.0
-78.78842733724005,-43.50153695818626,-1.0
-78.70005090205906,-43.6612183523698,-1.0
-78.6113508392304,-43.820720204389964,-1.0
-78.52232751350331,-43.98004185834888,-1.0
-78.43298129095659,-44.13918265908935,-1.0
-78.34331253899666,-44.29814195219806,-1.0
-78.25332162635621,-44.4569190840082,-1.0
-78.16300892309289,-44.61551340160169,-1.0
-78.07237480058743,-44.7739242528126,-1.0
-77.98141963154242,-44.932150986229125,-1.0
-77.89014378998047,-45.09019295119689,-1.0
-77.79854765124308,-45.248049497821,-1.0
-77.70663159198871,-45.405719976969216,-1.0
-77.61439599019138,-45.56320374027448,-1.0
-77.52184122513924,-45.720500140137375,-1.0
-77.42896767743278,-45.87760852972909,-1.0
-77.33577572898338,-46.034528262993916,-1.0
-77.24226576301183,-46.19125869465186,-1.0
-77.14843816404655,-46.34779918020149,-1.0
-77.05429331792223,-46.50414907592231,-1.0
-76.95983161177804,-46.66030773887769,-1.0
-76.86505343405616,-46.816274526917354,-1.0
-76.76995917450016,-46.97204879868005,-1.0
-76.67454922415338,-47.12762991359611,-1.0
-76.57882397535742,-47.283017231890184,-1.0
-76.48278382175026,-47.438210114583974,-1.0
-76.38642915826496,-47.59320792349857,-1.0
-76.28976038112789,-47.74801002125731,-1.0
-76.19277788785705,-47.902615771288346,-1.0
-76.09548207726048,-48.057024537827225,-1.0
-75.99787334943473,-48.211235685919505,-1.0
-75.89995210576309,-48.365248581423316,-1.0
-75.80171874891381,-48.51906259101229,-1.0
-75.70317368283888,-48.67267708217755,-1.0
-75.60431731277184,-48.82609142323096,-1.0
-75.50515004522649,-48.97930498330734,-1.0
-75.40567228799503,-49.132317132367135,-1.0
-75.30588445014652,-49.28512724119905,-1.0
-75.20578694202511,-49.4377346814225,-1.0
-75.10538017524823,-49.5901388254906,-1.0
-75.00466456270527,-49.742339046692045,-1.0
-74.90364051855539,-49.89433471915451,-1.0
-74.80230845822635,-50.046125217846374,-1.0
-74.70066879841218,-50.197709918580244,-1.0
-74.59872195707213,-50.349088198014535,-1.0
-74.49646835342848,-50.500259433656645,-1.0
-74.39390840796497,-50.65122300386555,-1.0
-74.29104254242513,-50.801978287853906,-1.0
-74.18787117981033,-50.95252466569118,-1.0
-74.08439474437846,-51.10286151830551,-1.0
-73.98061366164163,-51.25298822748703,-1.0
-73.87652835836491,-51.40290417588977,-1.0
-73.77213926256431,-51.55260874703449,-1.0
-73.6674468035051,-51.702101325311205,-1.0
-73.56245141170001,-51.851381295981646,-1.0
-73.4571535189074,-52.00044804518197,-1.0
-73.35155355812978,-52.149300959924844,-1.0
-73.24565196361162,-52.29793942810249,-1.0
-73.1394491708378,-52.44636283848893,-1.0
-73.03294561653186,-52.594570580742456,-1.0
-72.92614173865402,-52.74256204540829,-1.0
-72.81903797639953,-52.89033662392104,-1.0
-72.71163477019677,-53.037893708607164,-1.0
-72.60393256170553,-53.18523269268751,-1.0
-72.49593179381523,-53.332352970279594,-1.0
-72.38763291064281,-53.47925393640063,-1.0
-72.27903635753125,-53.625934986969455,-1.0
-72.17014258104756,-53.77239551880934,-1.0
-72.06095202898102,-53.918634929650224,-1.0
-71.95146515034125,-54.06465261813146,-1.0
-71.84168239535637,-54.21044798380421,-1.0
-71.73160421547142,-54.356020427133586,-1.0
-71.62123106334595,-54.50136934950176,-1.0
-71.51056339285276,-54.646494153209744,-1.0
-71.39960165907554,-54.79139424148045,-1.0
-71.28834631830742,-54.93606901846058,-1.0
-71.17679782804873,-55.08051788922356,-1.0
-71.06495664700535,-55.224740259771714,-1.0
-70.9528232350868,-55.368735537038646,-1.0
-70.84039805340417,-55.51250312889205,-1.0
-70.72768156426852,-55.656042444135664,-1.0
-70.6146742311886,-55.79935289251218,-1.0
-70.50137651886945,-55.942433884705125,-1.0
-70.3877888932099,-56.08528483234186,-1.0
-70.2739118213011,-56.22790514799566,-1.0
-70.15974577142453,-56.37029424518802,-1.0
-70.04529121304977,-56.512451538391545,-1.0
-69.9305486168331,-56.65437644303169,-1.0
-69.81551845461486,-56.796068375489966,-1.0
-69.70020119941834,-56.93752675310548,-1.0
-69.58459732544704,-57.078750994178115,-1.0
-69.46870730808335,-57.219740517970244,-1.0
-69.35253162388622,-57.36049474470963,-1.0
-69.2360707505892,-57.501013095591674,-1.0
-69.11932516709886,-57.641294992781475,-1.0
-69.00229535349223,-57.78133985941677,-1.0
-68.8849817910154,-57.92114711960975,-1.0
-68.76738496208105,-58.060716198449946,-1.0
-68.64950535026696,-58.20004652200604,-1.0
-68.53134344031356,-58.33913751732871,-1.0
-68.41289971812219,-58.47798861245277,-1.0
-68.29417467075312,-58.61659923639943,-1.0
-68.17516878642331,-58.75496881917897,-1.0
-68.05588255450473,-58.89309679179265,-1.0
-67.93631646552215,-59.03098258623536,-1.0
-67.81647101115114,-59.16862563549789,-1.0
-67.69634668421601,-59.30602537356922,-1.0
-67.5759439786879,-59.44318123543889,-1.0
-67.45526338968273,-59.580092657099215,-1.0
-67.33430541345905,-59.716759075547785,-1.0
-67.21307054741605,-59.85317992878969,-1.0
-67.09155929009171,-59.98935465583964,-1.0
-66.9697721411603,-60.125282696724746,-1.0
-66.84770960143088,-60.2609634924863,-1.0
-66.72537217284477,-60.3963964851824,-1.0
-66.60276035847374,-60.53158111789017,-1.0
-66.4798746625179,-60.66651683470801,-1.0
-66.35671559030357,-60.80120308075789,-1.0
-66.23328364828134,-60.935639302187575,-1.0
-66.10957934402366,-61.069824946173206,-1.0
-65.9856031862233,-61.20375946092101,-1.0
-65.86135568469062,-61.33744229567019,-1.0
-65.73683735035199,-61.470872900694744,-1.0
-65.6120486952474,-61.604050727305946,-1.0
-65.48699023252847,-61.7369752278545,-1.0
-65.3616624764564,-61.86964585573276,-1.0
-65.23606594239956,-62.00206206537728,-1.0
-65.11020114683184,-62.13422331227049,-1.0
-64.98406860733002,-62.2661290529436,-1.0
-64.85766884257208,-62.39777874497822,-1.0
-64.7310023723347,-62.52917184700913,-1.0
-64.60406971749146,-62.66030781872607,-1.0
-64.47687140001051,-62.791186120876134,-1.0
-64.34940794295225,-62.921806215266216,-1.0
-64.22167987046771,-63.05216756476467,-1.0
-64.09368770779574,-63.1822696333042,-1.0
-63.965431981261446,-63.31211188588338,-1.0
-63.836913218273516,-63.44169378856948,-1.0
-63.708131947322435,-63.571014808500216,-1.0
-63.579088697978165,-63.700074413886085,-1.0
-63.44978400088788,-63.82887207401265,-1.0
-63.320218387773956,-63.95740725924255,-1.0
-63.19039239143156,-64.08567944101793,-1.0
-63.06030654572681,-64.2136880918622,-1.0
-62.92996138559421,-64.3414326853826,-1.0
-62.79935744703464,-64.46891269627226,-1.0
-62.66849526711317,-64.59612760031219,-1.0
-62.53737538395675,-64.72307687437365,-1.0
-62.40599833675205,-64.84975999642019,-1.0
-62.27436466574323,-64.97617644550986,-1.0
-62.142474912229815,-65.10232570179723,-1.0
-62.01032961856428,-65.22820724653567,-1.0
-61.877929328149946,-65.35382056207946,-1.0
-61.745274585438814,-65.47916513188576,-1.0
-61.612365935929105,-65.60424044051697,-1.0
-61.47920392616323,-65.7290459736427,-1.0
-61.34578910372539,-65.85358121804195,-1.0
-61.212122017239444,-65.97784566160516,-1.0
-61.07820321636671,-66.10183879333624,-1.0
-60.94403325180337,-66.225560103355,-1.0
-60.80961267527857,-66.34900908289889,-1.0
-60.67494203955198,-66.47218522432527,-1.0
-60.5400218984116,-66.59508802111341,-1.0
-60.404852806671386,-66.71771696786668,-1.0
-60.269435320168974,-66.84007156031454,-1.0
-60.13376999576366,-66.96215129531454,-1.0
-59.99785739133357,-67.0839556708547,-1.0
-59.86169806577398,-67.20548418605517,-1.0
-59.725292578994434,-67.32673634117067,-1.0
-59.588641491917095,-67.44771163759209,-1.0
-59.45174536647373,-67.5684095778491,-1.0
-59.314604765603875,-67.68882966561175,-1.0
-59.17722025325253,-67.80897140569262,-1.0
-59.03959239436744,-67.92883430404905,-1.0
-58.90172175489727,-68.04841786778486,-1.0
-58.76360890178881,-68.16772160515274,-1.0
-58.62525440298509,-68.28674502555585,-1.0
-58.486658827422694,-68.40548763955022,-1.0
-58.347822745029546,-68.52394895884659,-1.0
-58.208746726722715,-68.64212849631228,-1.0
-58.06943134440579,-68.76002576597352,-1.0
-57.92987717096669,-68.8776402830172,-1.0
-57.79008478027529,-68.99497156379292,-1.0
-57.65005474718109,-69.11201912581502,-1.0
-57.5097876475107,-69.22878248776462,-1.0
-57.369284058065794,-69.3452611694913,-1.0
-57.228544556620356,-69.46145469201548,-1.0
-57.08756972191847,-69.57736257753018,-1.0
-56.946360133672194,-69.69298434940285,-1.0
-56.804916372558566,-69.80831953217773,-1.0
-56.663239020217766,-69.92336765157746,-1.0
-56.52132865925066,-70.03812823450502,-1.0
-56.3791858732161,-70.15260080904591,-1.0
-56.23681124662878,-70.26678490446996,-1.0
-56.09420536495668,-70.38068005123327,-1.0
-55.951368814619,-70.49428578098001,-1.0
-55.80830218298305,-70.60760162654478,-1.0
-55.665006058362714,-70.72062712195391,-1.0
-55.52148103001533,-70.83336180242787,-1.0
-55.37772768813958,-70.94580520438299,-1.0
-55.233746623873046,-71.05795686543338,-1.0
-55.08953842928964,-71.16981632439288,-1.0
